Section ID,Catagory,Area(mm2),Weight,Ix(mm4),Sx(mm3),Zx(mm3),rx(mm),Iy(mm4),Sy(mm3),Zy(mm3),ry(mm),Cw(mm6),J(mm4),rts(mm),Slenderness of Flange,Slenderness of Web
W44X335,W,63346.0,4.89157812,12896554283.333334,23029561.220238097,26492395.0,451.2084736087665,496088169.1533333,2455882.025511551,3849118.3,88.49522479169455,142876991175000.0,30987527.53333333,107.51955536379717,nonslender,slender
W44X290,W,54815.8,4.232876076,11209808318.219332,20197852.825620417,23036783.21,452.2163026626787,431863135.8833333,2153930.852285952,3348665.85,88.7605916872622,123325425857382.95,21035406.134000003,106.89246389731599,nonslender,slender
W44X262,W,49405.42,3.8150865324,9996290342.73273,18175073.350423146,20656577.669,449.8131349324051,388636865.98768336,1938338.483729094,3004212.8195,88.69205136144286,109781888112021.73,15371655.279366666,106.60573938761634,nonslender,slender
W44X230,W,43366.0,3.34872252,8602117115.333332,15783701.129051985,17919957.0,445.37721248037957,333652479.8333333,1664102.1438071488,2575683.5,87.71472291046278,93406153964129.62,10022823.333333334,105.75795329084038,nonslender,slender
W40X655,W,123644.20000000001,9.547805124,23472139620.047337,42292143.45954475,50158199.21000001,435.7019116794113,1192677525.1833334,5560268.182672883,8854017.95,98.2142813681185,307755499017689.2,250303958.5806667,119.68848394355713,nonslender,nonslender
W40X593,W,111669.0,8.62308018,20712889607.0,38005302.03119266,44799933.5,430.67933296749754,1049010814.9375,4948164.221403302,7850078.875,96.9222905726523,264619134517248.0,187503336.66666666,117.74113240970536,nonslender,nonslender
W40X503,W,94818.57999999999,7.321890747599999,17256040496.281933,32254281.301461555,37679538.421,426.60294784814266,851810193.7779832,4085420.5936593916,6450181.334499999,94.781743448632,211752271579768.75,115686741.86229998,114.74903530515415,nonslender,nonslender
W40X431,W,80864.6,6.244364412,14362133628.648668,27356445.006949846,31729985.229999997,421.43466961336924,696154916.2166667,3387615.164071371,5328011.75,92.78413555790927,169863147575506.2,71860203.05933334,112.11699149623855,nonslender,nonslender
W40X397,W,74500.4,5.752920887999999,13148704092.974667,25285969.409566667,29176629.82,420.1091819781445,639731372.3666667,3128270.7695191526,4898504.0,92.66580913346436,154329501655361.03,57401003.37399999,111.47355376269115,nonslender,nonslender
W40X372,W,69928.9,5.3999096579999994,12149075385.516333,23590437.641779285,27159127.405,416.8149284684473,596076307.2145834,2914798.5682864715,4559089.4125,92.32569414986285,142031704136535.03,46929066.00349999,111.05900814322479,nonslender,nonslender
W40X362,W,67842.72,5.2388148384,11839361087.110401,22989050.6545833,26420617.904000003,417.74619927688747,571735465.3376,2816430.8637320194,4398641.392,91.80068895836362,136541420335107.88,43590146.58586667,110.24384926861552,nonslender,nonslender
W40X324,W,60739.2,4.690281023999999,10513246374.400002,20614208.577254906,23569334.4,416.0388500438372,506801623.616,2508918.928792079,3903645.12,91.34493372331559,119897077994389.33,31536162.778666664,109.35239925732583,nonslender,nonslender
W40X297,W,55462.119999999995,4.2827849064,9441024711.037733,18695098.43769848,21327213.386,412.58300445843236,451308237.8089333,2250913.9042839566,3497745.0379999997,90.2066173064086,105505801088298.69,23906707.183866665,108.03725022046268,nonslender,slender
W40X277,W,51778.979999999996,3.9983728355999992,8981048301.0166,17784254.06141901,20156474.401,416.4729225813465,431677233.10365,2153003.6563773067,3327549.1145,91.30673781312044,101349163243333.0,20275032.292966668,108.44936188198604,nonslender,slender
W40X249,W,46673.18,3.6041029596,7999243648.969267,15998487.297938533,18063894.101,413.99087305960916,388500625.2428167,1937658.9787671654,2987075.7295000004,91.23514468776642,90114159962440.14,14815709.139633335,108.14507091462985,nonslender,slender
W40X215,W,40190.5,3.10351041,6832622829.208333,13789349.806676757,15493804.125,412.3177385801956,333500637.1770833,1663344.823825852,2555645.5625,91.09334070088688,76758421670400.0,9401607.333333334,107.71688394877103,nonslender,slender
W40X199,W,37136.299999999996,2.8676650859999997,6084504654.355667,12379460.130937267,13982080.844999999,404.77464267531144,292662393.47291666,1459662.8103387365,2250096.4375,88.7736638300331,66761307336471.18,6810912.923666666,106.26055634674117,nonslender,slender
W40X392,W,73965.20000000001,5.711592744000001,12448702857.066668,23488118.598238997,27918691.6,410.2497569263421,337049896.75766665,2139999.3444931214,3478847.93,67.50460203318629,82683541584000.0,70669472.492,84.30516867969803,nonslender,nonslender
W40X331,W,62427.8,4.820674716,10248887915.372665,19709399.837255124,23263476.009999998,405.1812655791194,270928787.81666666,1747927.6633333333,2823369.95,65.87772026674332,65273490636883.79,42514002.63999999,82.14124820281494,nonslender,nonslender
W40X327,W,61171.4,4.723655508,10102511332.944666,19427906.409508973,22886401.63,406.3876141678887,262988777.71666667,1713281.9395222585,2759090.45,65.56837163487077,63396733719712.25,41280106.16466667,81.5244774143109,nonslender,nonslender
W40X294,W,54960.8,4.244072976,9011981278.266666,17498992.773333333,20502541.4,404.93341639600817,233221560.96566668,1529321.7112502733,2447713.63,65.14151069914573,55747111692234.375,30287053.97633333,80.72187504277316,nonslender,nonslender
W40X278,W,52373.6,4.044289392,8404783661.866666,16479967.964444444,19305975.2,400.5964128907633,218914277.2986667,1435503.457696175,2298829.08,64.65183111758779,51589821089458.336,25630695.024,80.30292148063215,nonslender,nonslender
W40X264,W,49261.28,3.8039560416,7967243838.396267,15622046.741953464,18241819.304,402.1621632744339,202655887.53706667,1342091.97044415,2140676.448,64.13967670040374,48002375837189.06,21760241.1128,79.45779759026841,nonslender,nonslender
W40X235,W,43839.18,3.3852614796,7112729966.6505995,14084613.795347722,16306068.391,402.79766978159137,184810986.55365,1223913.8182360926,1932129.2645,64.92809810947624,43292022794401.32,16019273.026966669,79.69139779498128,nonslender,slender
W40X211,W,39380.979999999996,3.0409992756,6304650102.981934,12609300.205963867,14549418.311,400.1172127361204,162988732.55948332,1086591.5503965556,1709117.6795,64.33325590480369,37733204116125.0,11647953.152300002,78.86327794809321,nonslender,slender
W40X183,W,33645.0,2.5980669,5328122650.0,10753022.502522705,12356287.5,397.9484710170178,137598139.6875,917320.93125,1435798.125,63.95080487935157,31655348578125.0,7112753.6875,78.34289903064463,nonslender,slender
W40X167,W,31025.4,2.395781388,4673606028.392001,9537971.486514289,11046190.26,388.1211908212385,118247241.2625,788314.94175,1242134.775,61.73576213879597,26814422619000.0,5025141.875,76.83548853190345,nonslender,slender
W40X149,W,27504.8,2.123920656,3915154046.8026667,8072482.570727148,9449788.36,377.28555829618074,95266689.06666666,635111.2604444444,1008879.2000000001,58.85268622926846,21373511097375.004,3174351.0000000005,74.7654028498664,nonslender,slender
W36X925,W,174522.0,13.47658884,29985062600.0,55018463.48623853,67104830.0,414.50272429943874,2047789852.515,8677075.64625,14074901.35,108.32223262157083,478984903800000.0,625214407.1416668,134.1675762715776,nonslender,nonslender
W36X853,W,161300.0,12.455586,28762759166.666668,52775704.89296636,63635350.0,422.2776429422586,1908833606.6666667,8263348.946608947,13153670.0,108.78445807115217,449181392034375.0,553626300.0,132.45868401638393,nonslender,nonslender
W36X802,W,151777.0,11.72021994,26810714712.333336,49649471.68950618,59606963.5,420.29208707119705,1749806347.6458335,7657795.832148068,12171054.375,107.37223955035819,408697815360346.5,466226574.125,130.5090896075422,nonslender,nonslender
W36X723,W,137071.58,10.584667407599998,23691677535.233265,44701278.368364654,53272467.91099999,415.7422833990112,1537252112.2443166,6802000.496656268,10777371.554499999,105.90070219912526,352074121235441.75,346851451.2266333,128.2876438732985,nonslender,nonslender
W36X652,W,123380.6,9.527449932,20843646858.868668,40083936.26705513,47429354.03,411.02043480755145,1347191184.6166668,6027701.049739001,9519039.55,104.49395742873382,302001886325773.3,256106164.30200005,126.14630690697824,nonslender,nonslender
W36X529,W,99852.58000000002,7.710616227600001,16363441525.533937,32402854.506007798,37831845.119,404.81600914043844,1032784190.9819834,4726701.102892373,7416878.745500001,101.70098176834247,225175947099306.0,138925977.1809667,121.99478318739479,nonslender,nonslender
W36X487,W,91945.38,7.100022243600001,14833513429.652601,29726479.818943087,34557776.72099999,401.65858925460327,931794737.4561499,4293984.965235714,6726271.1745,100.66886465307022,200575347899398.47,108520734.56129996,120.59455800609405,nonslender,nonslender
W36X441,W,83376.0,6.43829472,13354774272.0,27033956.016194332,31240512.0,400.21904192562084,836046117.0,3870583.875,6042438.0,100.13700297734586,178588570742784.0,81313436.25,119.55456744779175,nonslender,nonslender
W36X395,W,74497.8,5.752720116000001,11755719898.806,24114297.22832,27712908.990000002,397.2399247599171,727487232.55,3407434.3444964867,5303479.35,98.81911588765074,153182701171921.34,58851654.25533333,117.65800222315343,nonslender,nonslender
W36X361,W,67836.32,5.2383206304000005,10577544704.289066,21922372.44412242,25086332.224,394.8765054540205,650830084.3242667,3069953.227944654,4767251.791999999,97.9496006797045,135551579605977.33,44695037.30453333,116.39900683846567,nonslender,nonslender
W36X330,W,62045.6,4.791161231999999,9629694515.466667,20103746.378844816,22902335.6,393.9587590110228,589937269.1546667,2795911.228221169,4329868.96,97.50961066714453,122140789548065.67,34484768.95633333,115.55217933734265,nonslender,nonslender
W36X302,W,56888.00000000001,4.39289136,8687404049.46667,18347210.24174587,20826298.000000004,390.7821137297614,543460650.6666667,2563493.6352201262,3962288.0,97.74031163372715,110901971019982.31,26173881.594666675,115.67561669286982,nonslender,nonslender
W36X282,W,53075.1,4.098459222,8057418210.477,17107045.032859873,19370941.605,389.63013801864304,500575545.60625,2372395.9507405213,3661897.9875,97.11569089494746,101673640132328.94,21295791.5895,114.8370430189823,nonslender,slender
W36X262,W,49289.34,3.8061228348,7408347234.345799,15812907.650684737,17880109.173,387.68961118559076,459119450.72405,2175921.567412559,3356911.5555000002,96.51311761717557,92913360768857.3,16693548.987600004,114.28654349953936,nonslender,slender
W36X247,W,46270.42,3.5730018323999997,6882452172.477932,14769210.670553502,16684682.357,385.67357204011137,421120229.7559833,2010120.4284295146,3099820.7764999997,95.40064950067665,84720282956287.8,13775322.161299998,113.08883570100528,nonslender,slender
W36X231,W,43471.9,3.3569001180000004,6406093064.258333,13821128.509726716,15593670.425,383.8771932461965,392837327.68258333,1875118.5092247415,2889340.7175,95.06093092558848,78564595013966.67,11297930.005,112.74262789969714,nonslender,slender
W36X256,W,48280.08,3.7281877776,6911125402.6616,14534438.28109695,16889920.764,378.3470883753509,219015776.66239998,1413005.010725161,2237873.688,67.35249828738773,44838254111467.04,21877349.182133332,82.57182766344883,nonslender,nonslender
W36X232,W,43575.32,3.3648862104,6182979049.943067,13113423.223633228,15179099.006000001,376.6852328522566,193190484.35126668,1258569.9306271444,1985666.428,66.58441264830427,39232724173720.65,16249984.018366667,81.479904278471,nonslender,slender
W36X210,W,39599.3,3.057857946,5439709805.141666,11673197.006741773,13527418.975,370.6330226218043,171973830.20441666,1109508.5819639785,1753779.0575,65.90030544364403,34495452747265.625,11296833.524166668,81.22900730606405,nonslender,slender
W36X194,W,36390.2,2.810051244,4975400725.316667,10734413.64685365,12404609.65,369.76160336730425,154842120.53266668,1008743.4562388709,1589183.67,65.2307442899656,30902949605433.332,8884763.56,80.2755144884223,nonslender,slender
W36X182,W,34280.8,2.647163376,4647520242.933333,10081388.813304411,11633322.4,368.20117565543836,145119701.03733334,945405.2184842563,1486694.68,65.063543669744,28777618318940.0,7378239.189333334,80.06360175567806,nonslender,slender
W36X170,W,31952.36,2.4673612392,4306882335.983868,9372975.703991007,10805434.538,367.13858788980065,132305156.69286667,867574.7979860109,1362285.5320000001,64.34827592633859,26190595124509.27,5953874.469566666,79.24863471077728,nonslender,slender
W36X160,W,30025.300000000003,2.318553666,3997442410.904333,8747138.754714077,10082024.915000001,364.87779118955234,122797923.76458333,805232.2869808744,1263357.2375,63.95166180896987,24149702248795.41,4862527.800833332,78.9028505228413,nonslender,slender
W36X150,W,28319.78,2.1868534115999996,3730569283.103267,8181072.989261551,9442500.469,362.9465038818627,113307106.79931667,742997.4216348635,1166268.3505,63.25336546078928,22284860376301.555,3965849.1699666665,78.37212694556388,nonslender,slender
W36X135,W,25390.76,1.9606744872,3211626912.4278665,7105369.275282891,8254120.6219999995,355.65154038438885,95301085.39586666,624925.1501368305,984794.3380000001,61.264807496945046,18564813963211.99,2685884.567066667,76.94028404108765,nonslender,slender
W33X387,W,73136.2,5.647577364,10089894007.527334,22078542.686055437,25469512.01,371.4301094142412,672145642.2833333,3270781.714274128,5094602.15,95.86619668323642,122755732388642.3,62535538.619333334,114.06202833506742,nonslender,nonslender
W33X354,W,66970.9,5.1714928979999994,9120731562.076334,20178609.65061136,23173836.805,369.038578975355,607205456.7145833,2969219.837235126,4614881.9125,95.21925193032085,109599923422168.38,48105546.641833335,113.06829922497639,nonslender,nonslender
W33X318,W,60043.2,4.6365359040000005,8099393198.4,18119447.87114094,20689754.4,367.27750251006114,536610910.976,2643403.5023448276,4095107.52,94.5361332242024,95796319211712.0,35122295.808,111.86123257634233,nonslender,nonslender
W33X291,W,54898.479999999996,4.2392606256,7290608085.650932,16494588.429074507,18766677.643999998,364.41959103044616,483419467.0517333,2393165.678473927,3701097.6079999995,93.83868378242309,85125434816206.23,26854800.86346666,110.89836105704454,nonslender,nonslender
W33X263,W,49595.82,3.8297892204,6526276317.383401,14900174.240601372,16880004.171,362.75231375874876,429516159.32735,2142225.233552868,3305197.9604999996,93.06089312246412,74939573778876.55,19989582.9267,109.7304115523045,nonslender,nonslender
W33X241,W,45598.380000000005,3.5211069036000002,5890585762.226601,13557159.40673556,15343749.691,359.4218993950215,391864172.91265,1939921.6480824256,2994041.9345000004,92.70284715455837,67934415609703.29,14761419.67446667,109.70388289414778,nonslender,slender
W33X221,W,41746.2,3.223641564,5303116355.349999,12318504.89047619,13917985.05,356.4159273220973,349780315.159,1744540.2252319201,2690246.16,91.53542612511563,59936345978589.5,11288449.260166667,108.41575703628635,nonslender,slender
W33X201,W,37817.92,2.9202997824,4753454322.414934,11106201.68788536,12527435.648,354.532328537362,309537200.61973333,1551564.9153871345,2390383.856,90.47062819464766,52831292137559.195,8284098.748799999,107.30457600343502,nonslender,slender
W33X169,W,31653.0,2.4442446600000003,3821606907.75,8897804.208963912,10194694.25,347.4686026690374,128961259.75,883296.2996575342,1379175.25,63.829610538026934,22047516690048.0,7155302.666666667,77.41289591808166,nonslender,slender
W33X152,W,28705.920000000002,2.2166711424,3375363732.0844,7932699.722877556,9097645.106,342.9055818988399,115375059.5511,782203.7935667797,1222146.803,63.39722288087632,19541905756338.703,4974538.394033333,77.36761436517958,nonslender,slender
W33X141,W,26526.48,2.0483747855999996,3055613173.1936,7223671.8042401895,8300517.864,339.39807507156775,101490789.9384,695142.3968383562,1087486.788,61.85481387339538,17086298927768.234,3828113.9861333333,75.92584868647796,nonslender,slender
W33X130,W,24397.519999999997,1.8839764943999997,2748731547.516267,6536816.997660563,7529321.687999999,335.65515549341455,90255601.16206667,618189.0490552512,968202.746,60.822496247536264,15110643383681.492,2856673.3619666663,75.16334797158487,nonslender,slender
W33X118,W,22156.800000000003,1.710948096,2427100788.2239995,5806461.215846889,6717150.08,330.9713389376055,78193443.2,535571.5287671234,840603.2,59.40618316722576,13024224626747.906,2040961.7493333335,74.13525556854938,nonslender,slender
W30X391,W,73909.5,5.70729159,8572233891.125,20337446.954033215,23633900.625,340.5625381781041,644151467.53125,3253290.2400568184,5075243.4375,93.356350989077,97851631992048.0,73608822.375,111.10684151412184,nonslender,nonslender
W30X357,W,67492.0,5.21173224,7740322053.633334,18584206.611364547,21472408.5,338.6517830035336,581902233.7083333,2953818.4452199657,4594870.75,92.85362499744659,87342387070835.58,56474350.55983334,110.1404274867368,nonslender,nonslender
W30X326,W,61587.4,4.755779028,6959867369.811333,16913407.946078572,19449963.43,336.16658841589606,520519924.28333336,2662506.0065643652,4133677.7500000005,91.93327761634153,77117482772334.8,43130838.40066666,108.8383599073528,nonslender,nonslender
W30X292,W,55188.1,4.261625081999999,6172802785.008333,15185246.703587536,17352100.475,334.4402040037315,462141298.0750834,2376047.805013282,3676621.5975,91.50918103981017,67638342957971.164,31360920.638,107.90237623217915,nonslender,nonslender
W30X261,W,49319.92,3.8084842223999997,5420751300.815734,13501248.569902202,15361341.716000002,331.52673733379726,402416430.1429333,2085059.2235385145,3221607.6079999995,90.32888934306234,58163179482839.49,22264152.929866668,106.44959029793975,nonslender,nonslender
W30X235,W,44427.48,3.4306900056000003,4847418596.5776005,12194763.764975095,13799202.156000001,330.3158566619508,360119406.8669,1875621.9107651042,2889041.0370000005,90.03210888884082,51497295011905.53,16528512.087300003,105.67470401978338,nonslender,nonslender
W30X211,W,39872.6,3.0789621719999998,4242549306.866667,10809042.820042463,12206251.7,326.19415235775585,316603112.1511667,1648974.542453993,2539550.155,89.10874185770167,44635993767936.0,11539581.9365,104.87125815153126,nonslender,nonslender
W30X191,W,35965.2,2.777232744,3795081467.5360003,9730978.121887181,10957557.479999999,324.839857810829,278724975.3,1463123.22992126,2250218.7,88.03324342854957,39125644129087.49,8453687.632,103.59316417157086,nonslender,slender
W30X173,W,32638.559999999998,2.5203496031999997,3386831809.8688006,8774175.673235236,9855552.863999998,322.13010952179746,250995622.1008,1317562.3207391077,2023625.0639999998,87.69353525301732,34770579214315.387,6247051.812266666,103.18494932913467,nonslender,slender
W30X148,W,27900.0,2.154438,2767230000.0,7095461.538461538,8145900.0,314.93470905529284,95440342.5,714908.9325842697,1118340.0,58.487612418798676,13383395859375.0,5929031.25,70.97154394148177,nonslender,slender
W30X132,W,24783.12,1.9137525264,2364349851.4463997,6141168.445315324,7066997.976,308.87153026923613,80805488.56560001,605284.5585438203,949126.428,57.10083253562583,11168692211924.342,3859167.8431999995,69.94155616610638,nonslender,slender
W30X124,W,23327.420000000002,1.8013433724000003,2204807218.7980666,5749171.365835898,6614279.429,307.4340432109256,75066129.60751666,562293.1056742821,881160.8995,56.72684864402955,10343789141907.941,3159387.3302,69.61908224015474,nonslender,slender
W30X116,W,21885.120000000003,1.6899689664000002,2026877212.4543998,5319887.696730708,6130059.264,304.3261374435438,68701847.24159999,514620.578588764,807183.792,56.028596168653756,9390941035885.871,2530770.7392,69.09842523389123,nonslender,slender
W30X108,W,20220.120000000003,1.5613976664000002,1828861733.1155996,4831867.194492998,5581981.902000001,300.74510827015354,61383891.56040001,459804.431164045,722141.874,55.097937829287595,8329892913847.344,1925895.0508000003,68.40942885484743,nonslender,slender
W30X99,W,18582.0,1.43490204,1643513474.0,4359452.185676392,5055963.0,297.3996181592757,54068126.58,405004.6934831461,637319.7,53.941675620469425,7323293491804.125,1439539.472,67.5609862877742,nonslender,slender
W30X90,W,16728.2,1.291751604,1468019054.0666666,3919944.0696039163,4535165.9,296.2383227552375,47633500.68016667,360859.8536376263,565562.995,53.361944132356996,6393408784488.0,1067423.3755,66.72234601689668,nonslender,slender
W27X539,W,102252.20000000001,7.895914884000001,10645851850.30067,25776880.993464094,30961907.210000005,322.66650030310825,888708220.5166668,4569193.935818338,7205753.95,93.227334710316,119473308212706.55,219095353.27400005,112.43262191209325,nonslender,nonslender
W27X368,W,69672.6,5.380118172,6710334445.8,17384286.129015546,20322738.9,310.3423713405866,547226672.9955,2934191.2761152815,4581533.115,88.62425961978218,68477559435277.125,72398246.553,105.5238072769364,nonslender,nonslender
W27X336,W,63640.2,4.914296244,6056217635.634001,15895584.345496066,18465297.21,308.4856516612558,494539982.95000005,2665983.735579515,4150134.15,88.15256159929527,61074193328628.66,55699172.246,104.56263964802034,nonslender,nonslender
W27X307,W,57920.3,4.472605566,5417774348.467668,14408974.33103103,16658642.035,305.84054223476636,435278481.24791664,2378570.9357809653,3697033.6625,86.68983921760814,52985448706160.07,42512802.63316668,102.66311079450129,nonslender,nonslender
W27X281,W,53245.399999999994,4.111609788,4942784018.866667,13287053.814157706,15270580.1,304.6805773846122,401442355.7011667,2193674.074869763,3398785.015,86.83014959449841,48350136408525.0,33215772.918333333,102.39785919588175,nonslender,nonslender
W27X258,W,48780.3,3.7668147660000004,4478627830.225,12153671.181071915,13909661.025,303.00532007982116,359573481.42525,1981121.1097809917,3065089.1175,85.85618643210229,42947049826890.0,25613339.436,101.1175425911544,nonslender,nonslender
W27X235,W,44480.12,3.4347548664,4021421477.615067,11032706.385775218,12578689.466,300.68157843745325,321360892.1712667,1780392.7544114497,2751402.548,84.9989453479828,37960925113404.586,19293178.128366664,100.05560511304614,nonslender,nonslender
W27X217,W,40884.880000000005,3.1571304336,3655162328.802933,10139146.543142673,11507790.556,299.00053874701683,291859988.4257333,1630502.7286353817,2513292.052,84.49011801940837,33968552393175.77,15338151.878633335,99.09738628782101,nonslender,nonslender
W27X194,W,36546.6,2.822128452,3229868103.8,9047249.59047619,10223403.9,297.282198358686,256043861.0555,1438448.6576151685,2213428.815,83.70158727800215,29555308347733.332,10907533.426666668,98.05713042951805,nonslender,nonslender
W27X178,W,33502.24,2.5870429727999995,2883100806.4405336,8167424.38085137,9223756.336,293.3546597274839,231278131.04853332,1292056.598036499,1989919.984,83.08648030456773,26368240797360.395,7977040.710399999,97.78255258475922,nonslender,nonslender
W27X161,W,30364.96,2.3447822111999996,2591957681.2485332,7395029.047784688,8324376.488,292.16460196328745,206294276.6165333,1158956.6102052433,1781879.072,82.42467300847083,23371870539056.465,5946796.667733333,96.9003221013753,nonslender,slender
W27X146,W,27612.160000000003,2.1322109952000003,2336245821.986133,6713350.063178543,7534547.456000001,290.87679626875996,186684534.75413334,1048789.5210906367,1609851.4560000002,82.22501857473522,21003628526140.08,4437176.6336,96.57862560425554,nonslender,slender
W27X129,W,24173.8,1.866700836,1953183016.8493335,5572562.1022805525,6383087.24,284.24904048444733,76400067.94583333,601575.3381561679,938750.5249999999,56.217872998401425,8630844508776.46,4513033.624833333,67.88273016107532,nonslender,slender
W27X114,W,21494.5,1.65980529,1684907487.5283334,4862647.871654642,5571878.825,279.9782899111546,66930799.302083336,520862.25137808046,813323.0625000001,55.80194441706303,7479482446851.789,2932299.053000001,67.83252429492627,nonslender,slender
W27X102,W,19178.78,1.4809853916,1486234225.6332667,4320448.330329264,4940047.631,278.3768654991797,57748826.49731667,454715.16927021,708350.2345,54.873301795572196,6407576475773.031,2090456.2786333337,66.72596028078425,nonslender,slender
W27X94,W,17601.68,1.3592017295999999,1336425934.3522668,3913399.5149407517,4478555.884,275.54680952339055,51721764.41706666,407257.987535958,634477.688,54.20752831122493,5691394276559.649,1565277.8834666666,66.21340284184656,nonslender,slender
W27X84,W,15831.579999999998,1.2225146075999997,1168684954.992733,3447448.2448163214,3957953.233,271.6980970593909,44604330.61918334,351215.2017258531,547892.6015,53.07944622064361,4873037818361.861,1086602.2660333335,65.39511751233007,nonslender,slender
W24X370,W,70203.68,5.421128169599999,5577731579.3242655,15689821.601474727,18601804.376,281.8700070339421,488105872.43306667,2805206.163408429,4397505.472,83.38291571601424,49996463876441.195,88851682.57413332,99.78248779009803,nonslender,nonslender
W24X335,W,63330.3,4.8903657659999995,4934958997.725,14120054.356866954,16624410.975,279.1489519652375,425777753.06025,2482669.1140539357,3882428.9325,81.99468659458113,42847540619814.0,66345046.812,97.80454385462419,nonslender,nonslender
W24X306,W,57682.4,4.454234928,4418514612.434668,12844519.222193802,15023451.32,276.76838966220583,380846087.46666664,2240271.102745098,3493103.2,81.25556009441999,37646363591609.0,50879401.10666666,96.55154021978731,nonslender,nonslender
W24X279,W,52763.7,4.074412914,3972335146.1189995,11717802.790911503,13626875.114999998,274.38181224278395,342961365.86875,2029357.1944896448,3157580.4375,80.62226199510407,33362180640995.19,39084753.28450001,95.54364708192453,nonslender,nonslender
W24X250,W,47260.8,3.649478976,3508479065.6,10504428.34011976,12129014.4,272.4638633691338,301640054.464,1800836.1460537312,2793065.28,79.89028507353028,28903324300000.0,28501493.76,94.28074165438342,nonslender,nonslender
W24X229,W,43199.08,3.3358329576,3160108957.748934,9576087.750754345,11003799.394000001,270.46668591489896,270868189.53373337,1626835.9731755757,2519179.798,79.18478712880633,25638251097162.703,21765520.425466664,93.28622993058944,nonslender,nonslender
W24X207,W,39001.72,3.0117128184000004,2825016396.0477343,8652423.877634715,9887971.976,269.13402490378587,239496636.76043335,1451494.7682450507,2242544.153,78.36241819190994,22457742910997.63,16180569.173033332,92.0656211579374,nonslender,nonslender
W24X192,W,36306.28,2.8035709416,2611660505.836933,8060680.573570781,9174867.866,268.20537952627893,222628454.50173333,1349263.3606165657,2080969.442,78.3067968347635,20732168877391.125,13014383.551466668,91.80587973471214,nonslender,nonslender
W24X176,W,33229.2,2.5659588239999995,2347735774.4,7336674.295,8320415.6,265.80593024976844,200294929.85099998,1221310.547871951,1881095.83,77.63812441536172,18358384215552.0,10001984.608666668,90.91310338824607,nonslender,nonslender
W24X162,W,30716.699999999997,2.3719435739999994,2148303349.525,6766309.762283465,7648192.275,264.4603234244196,185948362.43725,1126959.7723469697,1733848.7325,77.8052497260141,16934257098000.0,7708734.918666667,91.06755753472666,nonslender,nonslender
W24X146,W,27602.6,2.131472772,1889546895.4746673,6027262.824480598,6792747.140000001,261.6398198712775,163124839.95416665,994663.6582571138,1528942.9249999998,76.8749866428364,14627786530916.969,5544903.520166666,90.02530745806418,nonslender,nonslender
W24X131,W,24833.68,1.9176567696,1671558203.8069334,5374785.221244159,6047661.544000001,259.44195685806966,143677167.94373333,876080.2923398374,1346509.8279999997,76.06298051249702,12812128723648.51,3904054.423466666,89.34529886399848,nonslender,nonslender
W24X117,W,22073.2,1.7044925039999999,1465253488.6173334,4749606.1219362505,5332070.54,257.64619488906465,123712458.93333334,761307.4395897436,1168866.2,74.86417971286241,10952424119812.502,2728093.3333333335,88.03434254091391,nonslender,slender
W24X104,W,19702.260000000002,1.5214085172,1291381970.7462,4220202.518778431,4725784.197000001,256.0173137537714,109375811.43044999,673081.9164950768,1031855.8005000001,74.50795112676812,9603623135225.912,1914534.143566667,87.63396324556805,nonslender,slender
W24X103,W,19415.0,1.4992263000000001,1235639448.0566666,3973117.1963236867,4550668.85,252.27672529793455,49968147.416666664,436403.03420669574,680928.25,50.73152606757281,4442103719647.8955,2903053.4806666668,61.2357156669599,nonslender,slender
W24X94,W,17713.06,1.3678024932000001,1108585906.8771336,3593471.335096057,4110825.539,250.17152719303812,45125171.40888333,392392.7948598551,611755.9715,50.47340867850078,3981687397003.9985,2123348.868933333,61.075131938571005,nonslender,slender
W24X84,W,15793.12,1.2195447264000001,974231356.7317333,3183762.603698475,3635025.1840000004,248.3688258581036,39309802.32293334,343317.050855313,534200.3520000001,49.89033984744789,3441766287945.1226,1482271.8932,60.443585745337636,nonslender,slender
W24X76,W,14299.68,1.1042212896,861060925.8063998,2837103.544666886,3243409.608,245.388260177897,34241296.6656,300362.2514526316,467612.064,48.93413792695331,2970993201239.7363,1063174.9978666666,59.624585361553436,nonslender,slender
W24X68,W,12802.5,0.9886090499999999,749537461.7550002,2490157.6802491704,2853954.825,241.96317777493653,29488540.21875,258671.40542763157,403052.0625,47.99314881355902,2536318143664.6323,729355.4605,58.93195201800306,nonslender,slender
W24X62,W,11604.8,0.896122656,632678470.2666667,2101921.828128461,2467671.4,233.49237242292642,14400077.215666667,160894.7174934823,257297.33000000002,35.22602024617699,1235137514931.875,656144.0076666666,44.79316534160247,nonslender,slender
W24X55,W,10290.8,0.7946555759999999,548631668.5106666,1831825.270486366,2157566.98,230.89571187356287,12079254.26666667,135721.9580524345,217112.6,34.260641673397224,1033594912667.1362,444262.0373333334,43.919319116645724,nonslender,slender
W21X275,W,51998.4,4.015316448,3156748259.3279996,10316170.782117646,12090660.48,246.39108192185668,328241259.6,2001471.0951219513,3111152.4000000004,79.45140745737842,25308087286086.312,43109580.16533333,93.99480731954328,nonslender,nonslender
W21X248,W,46802.9,3.614119938,2795297637.7416663,9286703.115420818,10802225.725,244.38674493980847,289835096.8449167,1783600.5959687182,2764527.1025,78.69354414960287,21969554628336.59,31896411.386166666,92.69627359723404,nonslender,nonslender
W21X223,W,42169.2,3.256305624,2485182916.3999996,8367619.247138046,9667637.4,242.76244270366956,256232082.516,1586576.3623281734,2454613.62,77.95052995842342,19220336453596.215,23279720.951333333,91.5793734458957,nonslender,nonslender
W21X201,W,38073.72,2.9400526584,2196349455.2464,7521744.709747945,8639053.116,240.18067691891602,226614032.2641,1416337.7016506249,2186541.333,77.14907856233982,16641735426048.0,17367127.9722,90.35705307490817,nonslender,nonslender
W21X182,W,34501.58,2.6642120076,1964420902.3732667,6809084.583616176,7777760.011,238.61502204432355,201912730.08131668,1269891.3841592243,1956982.7945000003,76.50016263826615,14658173146705.248,12958392.505800001,89.38538653772237,nonslender,nonslender
W21X166,W,31342.300000000003,2.420252406,1774561290.0583334,6204759.755448719,7049399.225,237.94691045369157,180013351.17608333,1142941.9122291005,1757506.1075,75.78564075272399,12980650352783.203,9871771.470833333,88.26485395157187,nonslender,nonslender
W21X147,W,27768.78,2.1443051916,1507969811.0394003,5376006.456468451,6093758.007,233.0332669646033,156756183.86385,985887.9488292453,1518489.3284999998,75.1335555133102,11064954583281.74,6364559.1182,88.01641770753729,nonslender,nonslender
W21X132,W,24901.8,1.9229169959999999,1331509657.0159998,4806894.068649819,5423727.540000001,231.23671439213433,137713471.0875,874371.245,1343882.925,74.365729415523,9570484412874.0,4653961.29,86.90510938282522,nonslender,nonslender
W21X122,W,23005.44,1.7764800768,1226888152.0608,4453314.52653648,5005825.992000001,230.9336470636154,127254194.1648,807963.1375542857,1239552.072,74.37393854521281,8811948605780.25,3667064.004266666,86.71502037816931,nonslender,nonslender
W21X111,W,20875.2,1.6119829440000002,1097992607.6160002,4021950.9436483523,4508657.279999999,229.34241722069015,112488612.80000001,721080.8512820514,1105096.7999999998,73.4072505597094,7707907655824.895,2754840.384,85.56435510857689,nonslender,nonslender
W21X101,W,19060.38,1.4718425436,1003975731.8593998,3691087.2494830876,4121488.023,229.50694401970426,102842256.06684999,659245.2311977564,1008339.9465,73.45477287990472,7045530934163.906,2097588.208366667,85.39730686669559,nonslender,slender
W21X93,W,17477.260000000002,1.3495940172,852322760.4735334,3105000.948901761,3578857.0670000003,220.83371042516194,38680851.336783335,361503.2835213396,567501.2905,47.044768792739454,2660248568742.789,2431562.2507333336,57.15756145130537,nonslender,nonslender
W21X83,W,15559.759999999998,1.2015246671999997,752313534.7754669,2765858.583733334,3173670.704,219.88620841363814,33760022.470466666,318490.7780232704,497926.294,46.58004636866415,2300400004739.242,1738409.4155999997,56.44643731606348,nonslender,slender
W21X73,W,13738.24,1.0608668928,656019676.9365332,2438734.8585001235,2785723.024,218.5208511720766,29499406.496533338,279615.2274552923,435330.856,46.33840592967051,1983642209740.342,1204822.9290666666,56.00629735424139,nonslender,slender
W21X68,W,12771.079999999998,0.9861827975999998,605909779.9962666,2260857.388045771,2579488.324,217.81619570805256,26910989.044566665,256295.13375777777,398556.8929999999,45.90405138206531,1805763688281.0,961390.7064666665,55.527875739785785,nonslender,slender
W21X62,W,11639.16,0.8987759352,543942917.1331999,2041061.6027512192,2329029.222,216.18016493080876,23780631.581200004,227565.85245167467,353763.618,45.20129456481886,1588565270661.2256,711990.3023999999,54.875571443875465,nonslender,slender
W21X55,W,10337.742,0.79828043724,468382623.2378599,1774176.6031737118,2029676.7597000003,212.85680677004652,20272843.72674565,193998.50456215933,301863.04981500003,44.28376033587095,1340255487581.1675,476295.68173396663,54.203476578522675,nonslender,slender
W21X48,W,8968.268,0.69252965496,389170484.0888268,1488223.6485232383,1713746.4304000004,208.31265701971222,16142711.516578568,155968.2272133195,243429.77213000003,42.426182314370465,1056418126131.7363,298647.03148830007,52.67675113477629,nonslender,slender
W21X57,W,10691.900000000001,0.8256285180000001,481187072.5916667,1795474.151461443,2082980.425,212.14340319658695,12853826.723416667,153938.04459181638,243425.0675,34.6727889780298,864158129178.9531,689347.1421666667,43.08408128755985,nonslender,slender
W21X50,W,9347.92,0.7218463824,399762487.9957334,1514251.8484686872,1766365.9840000002,206.79666287403202,10405907.180683333,125372.37567088353,199039.737,33.36433555350794,685889020103.8505,432462.58569999994,42.00339489288273,nonslender,slender
W21X44,W,8235.448,0.63594129456,343491089.5822934,1306049.7702748799,1530722.3584000003,204.22745394954126,8564499.665806733,103812.11716129373,165124.73818000001,32.248341462896036,565047562773.3751,283488.36562913336,41.040901051661415,nonslender,slender
W18X311,W,58930.479999999996,4.5506116656,2882645985.6629333,10186028.217890223,12295406.216,221.16971890539492,331167976.35173327,2171593.2875523493,3396248.7319999994,74.96424612170753,20275009276737.996,78070946.70613332,89.6912158823694,nonslender,nonslender
W18X283,W,53626.4,4.141030608,2572867326.8666663,9254918.441966426,11082637.4,219.037954080052,293116153.7386667,1941166.581050773,3031651.36,73.93167657814143,17676479833951.043,58957846.46,88.19065859669888,nonslender,nonslender
W18X258,W,48989.0,3.78293058,2306813615.7466664,8449866.724346764,10039479.7,216.9986169496039,264027802.60416666,1760185.3506944443,2741335.625,73.41343471840683,15620422032000.0,45414805.38333333,87.178757824698,nonslender,nonslender
W18X234,W,44488.0,3.4353633599999998,2053722048.8533335,7663141.973333334,9035459.2,214.85694278624982,234953478.3333333,1582178.3052749718,2457292.0,72.67239923410928,13615622259319.873,34618267.788,85.9115208895687,nonslender,nonslender
W18X211,W,40155.1,3.100776822,1813696475.7583332,6896184.31847275,8069506.975,212.52594143330643,208214242.23008335,1411621.981220904,2187963.4225,72.00868175377043,11828871028694.662,25534741.099166665,84.83186248212829,nonslender,nonslender
W18X192,W,36455.6,2.815101432,1621469543.9666667,6260500.16975547,7275309.1,210.89790842900362,185172735.19466665,1268306.4054429224,1960976.3599999999,71.26994039646256,10349927087005.666,19447056.408,83.62267713552572,nonslender,nonslender
W18X175,W,33086.72,2.5549565184,1430869429.7770667,5633344.211720735,6509525.696,207.9568088663502,164630203.73226666,1135380.7153949426,1753369.168,70.53877279537679,8976625811010.666,14547454.072533332,82.60807750184645,nonslender,nonslender
W18X158,W,29800.480000000003,2.3011930656,1263641295.6629333,5054565.182651733,5805761.216,205.92082778747408,144514325.55573335,1007068.470771661,1552631.912,69.63760407181199,7741544112210.587,10730989.946133336,81.34722127700523,nonslender,nonslender
W18X143,W,26946.0,2.08077012,1135806987.0,4589119.13939394,5237937.0,205.30764208924356,128119358.625,902249.0044014085,1387608.75,68.95412077678719,6809762980457.667,8092072.645833333,80.2272713930448,nonslender,nonslender
W18X130,W,24617.0,1.90092474,1027642311.4166666,4194458.413945578,4762363.25,204.31649314390808,116616018.41666667,821239.5663145541,1260999.25,68.82742816967188,6146312665443.667,6124391.5,79.89236328974803,nonslender,nonslender
W18X119,W,22565.32,1.7424940104,913319272.4337332,3781860.34134051,4285711.286,201.18266772354764,106149172.43693332,739715.487365389,1137430.638,68.58632893782581,5511970352873.374,4419769.657199999,79.97479360288996,nonslender,nonslender
W18X106,W,19983.199999999997,1.5431027039999996,788709573.8906664,3320882.416381753,3746260.76,198.66713957195768,91363594.26666667,643405.59342723,987869.2,67.61671546526047,4641809719597.892,3092250.8306666664,78.74779067388904,nonslender,nonslender
W18X97,W,18282.480000000003,1.4117731056,719969088.9736003,3050716.4787016963,3426110.436,198.44463948258633,82691254.8064,586462.80004539,898521.672,67.25308914063773,4179846597730.9473,2406480.419466667,78.06458537891615,nonslender,nonslender
W18X86,W,16273.560000000001,1.2566443032,633132520.6292002,2711488.3110458255,3031058.4420000003,197.2450104399532,73322243.78119999,520015.91334184393,795253.638,67.12380832334844,3665929545541.8716,1686356.233066667,77.75907700416357,nonslender,nonslender
W18X76,W,14269.32,1.1018768903999998,547766384.8836,2371283.0514441556,2639644.542,195.92779452425225,62664059.19239999,449204.7253935483,685787.6340000001,66.26857366991858,3095862974063.605,1149786.6708000002,76.6405062577638,nonslender,slender
W18X71,W,13395.68,1.0344144096,486625220.0682668,2070745.6173117736,2375170.8959999997,190.59650135823827,25139565.169066668,259170.77493883163,404669.87200000003,43.320803039650855,1265689871143.656,1430264.527466667,52.19247491042479,nonslender,nonslender
W18X65,W,12260.920000000002,0.9467882424000001,444887638.05373347,1905300.3771037837,2175121.674,190.48625333976838,22938105.288933337,237700.57294231438,369659.662,43.253100224304795,1147773457690.2986,1117727.2545333335,51.89454435690192,nonslender,nonslender
W18X60,W,11276.099999999999,0.8707404419999999,403535164.923,1746905.4758571428,1987626.4649999999,189.1739071273843,20920923.16875,217926.28300781248,338004.56249999994,43.073579394784936,1030429627416.576,881234.0864999999,51.55432349750166,nonslender,slender
W18X55,W,10353.48,0.7994957256,366101803.36,1591746.971130435,1810702.3599999999,188.04325477204503,18615701.640999,194928.81299475394,302356.2667,42.402994781206914,915745478304.0,665597.1894413334,50.9303349178171,nonslender,slender
W18X50,W,9399.56,0.7258340231999999,330172487.83666664,1444956.183092633,1638583.67,187.42032163554535,16865196.308818664,176598.91422846768,273192.8128,42.358633198386826,824296417475.3906,496437.5275133333,50.7973860046729,nonslender,slender
W18X46,W,8666.088,0.66919531536,294710294.27936,1281349.1055624348,1475339.2424,184.41069545142776,9401453.9745304,122096.80486403118,191576.99908,32.937145988690624,463244805727.7041,488124.16876746673,40.356887170710664,nonslender,slender
W18X40,W,7497.0,0.57891834,250978543.40999997,1103202.3886153845,1265868.45,182.96774761325196,7957440.750000001,104018.83333333334,162524.25,32.579390213241666,387230440503.6978,315352.44066666666,39.889457436265864,nonslender,slender
W18X35,W,6547.608,0.50560628976,208286939.03903997,925719.7290623998,1070608.8168000001,178.35680479933978,6337049.890989602,83382.23540775792,130980.29724,31.1101587909943,304837183586.304,192425.60257920003,38.747974647819,nonslender,slender
W16X100,W,18891.8,1.4588247959999998,616543385.2666667,2854367.524382716,3229766.9,180.65298905450643,76770903.04316667,581597.7503270202,892401.955,63.74727943624452,3174894993600.0,3198778.4143333337,73.95653543684827,nonslender,nonslender
W16X89,W,16810.18,1.2980820996,542739023.9347334,2542103.1566029666,2859174.5170000005,179.6839734175254,68154062.70968333,516318.6568915404,790545.1285,63.67364222693303,2788910138032.1284,2243073.600533333,73.64359529259954,nonslender,nonslender
W16X77,W,14525.84,1.1216853648,457445971.41786665,2183512.990061416,2440765.084,177.45950899165686,57900355.46986667,441987.44633486005,675211.2559999999,63.13497123398895,2310565251807.356,1463651.9997333335,72.78166339281253,nonslender,nonslender
W16X67,W,12556.199999999999,0.9695897639999999,391116231.6339999,1889450.394367149,2099526.51,176.49150544996212,48968390.849999994,378134.29227799224,576339.45,62.44947678380526,1929187899734.554,965795.687333333,71.72240490157753,nonslender,slender
W16X57,W,10736.939999999999,0.8291065067999999,312217551.26820004,1497446.2890561153,1708460.541,170.52513165779968,18027955.036450002,199203.92305469615,309429.87149999995,40.97632163242786,715164865162.5054,899599.7270666667,48.968018677605805,nonslender,nonslender
W16X50,W,9446.3,0.729443286,273051276.76666665,1319088.2935587761,1498281.65,170.0165655194118,15580606.455979167,173117.84951087963,268093.19875,40.612648469818566,615874752000.0,610738.5285833334,48.45987131528538,nonslender,slender
W16X45,W,8485.752,0.65526976944,240886887.75783998,1177930.9914808802,1333689.9276,168.48506613274415,13786111.8139296,154034.7688707218,237989.10888,40.30655964989723,535826890803.14404,444746.9423232,48.034873497405705,nonslender,slender
W16X40,W,7504.9,0.5795283779999999,211739838.62533334,1043053.3922430214,1176231.19,167.96888293241653,12046226.788020836,135350.86278675098,208489.54375,40.06388519190678,465035120667.9893,309871.52275000006,47.63552183478931,nonslender,slender
W16X36,W,6743.0779999999995,0.52070048316,184793233.33612666,914817.9868125082,1036221.5029000002,165.54418897824345,10258932.510172317,115268.90460867772,178038.16455500002,39.005153799969754,395805068055.19366,208735.63811063336,46.93302353844339,nonslender,slender
W16X31,W,5803.384,0.44813731248000005,153365968.96725333,759237.4701349174,870378.8336,162.563801816628,5132994.054081533,73328.48648687905,114421.25354,29.740257645221188,197575844181.33334,175844.5494957333,36.419781435783406,nonslender,slender
W16X26,W,4875.198,0.37646278956,122775255.7333416,615414.815705973,709614.43326,158.69355689286527,4014379.76194625,57348.28231351786,89693.556825,28.695453845210185,152524825721.856,96047.36933999999,35.65790095227808,nonslender,slender
W14X873,W,165740.0,12.798442799999998,7538506251.666666,25170304.68002226,33260305.0,213.2696137533823,2574941546.666667,10773814.002789402,16791380.0,124.64361036411609,134222664185820.0,1027421333.3333334,152.8284016482927,nonslender,nonslender
W14X808,W,153025.0,11.8165905,6614938272.083334,22849527.710132413,29967463.75,207.91302820347263,2301129592.083333,9750549.118997173,15200703.75,122.62791512645995,114828790000426.67,819643125.0,149.9889802938448,nonslender,nonslender
W14X730,W,138632.0,10.705163039999999,5965168412.666667,20967200.044522554,27236839.5,207.4338415909017,1975039653.1666667,8681492.980952382,13424261.5,119.35927312486125,96716128031250.0,662681612.6666666,144.37714875667092,nonslender,nonslender
W14X665,W,126436.1,9.763395642,5182277164.341667,18878969.633302975,24288653.975,202.4532592175581,1756443390.9934168,7806415.071081853,12056026.3975,117.86409693478883,82243881562500.0,510034370.7353334,141.887878473538,nonslender,nonslender
W14X605,W,114758.0,8.86161276,4497599103.166667,16940109.616446957,21591156.5,197.96977315805728,1533174956.6666667,6937443.242835596,10701683.0,115.58577066398801,68887320390416.664,391681314.6666667,138.50793165747243,nonslender,nonslender
W14X550,W,104077.5,8.03686455,3897969777.125,15196763.263645224,19172959.125,193.52666291673168,1355050906.40625,6201605.978975972,9553901.4375,114.10360865363839,58370238081237.336,296599124.6666667,136.0383074472838,nonslender,nonslender
W14X500,W,94612.72,7.3059942384,3416464405.9357343,13720740.586087286,17136543.436,190.02628856908615,1199129220.2869334,5551524.167995062,8542900.168000001,112.57921833768694,49980514068914.695,225786116.5738667,133.57583555437213,nonslender,nonslender
W14X455,W,86017.0,6.64223274,2983568254.0833335,12354319.89268461,15285680.75,186.24123502159566,1061123546.0033333,4970133.704933645,7640441.95,111.06848036750894,42618787638467.51,172170676.53183332,131.19954819992373,nonslender,nonslender
W14X426,W,80790.28,6.2386254216,2753673510.001734,11594414.778954668,14249380.942000002,184.6191158255769,983679845.6209334,4639999.271796856,7122483.526000001,110.34364602498547,38800130471451.65,144536789.50986668,129.8067640207115,nonslender,nonslender
W14X398,W,75514.6,5.831237412,2504426532.515334,10771727.021571329,13148469.73,182.11205074300258,909258991.2833334,4309284.318878357,6608742.050000001,109.73074783623663,34943408710082.984,118692188.28533338,128.63837597378216,nonslender,nonslender
W14X370,W,70144.36,5.4165474792,2262036237.574533,9943016.428899046,12051842.581999999,179.5781116652477,830779450.8225332,3965534.371467939,6076339.958,108.82946504123124,31095443540028.59,95995030.41439997,127.14127049404549,nonslender,nonslender
W14X342,W,64788.16,5.0029417152,2034155021.3121338,9142269.75870622,10994036.734000001,177.19203687572264,759339447.5276333,3641915.8154802555,5573572.069,108.26053226119488,27686818905794.08,76142258.42843334,125.93609992054711,nonslender,nonslender
W14X311,W,58610.159999999996,4.525876555199999,1782936530.4351995,8216297.375277417,9796424.568,174.41405858471072,665400960.0392,3237960.8761031628,4950307.572000001,106.5504426033412,23549774215961.516,57578477.155733325,123.43248371608644,nonslender,nonslender
W14X283,W,53483.44,4.1299912368000005,1582239681.2661335,7463394.72295346,8823470.968,171.9992168991682,600734650.1981333,2937577.751580114,4485234.748,105.98189360408675,20683699771825.94,44050208.66026666,122.21078153585827,nonslender,nonslender
W14X257,W,48606.0,3.75335532,1416926578.5,6795810.928057554,7963879.5,170.7374269112604,536109578.0,2640933.881773399,4028289.0,105.02237658905575,18224718491952.0,33254568.0,120.60295667589479,nonslender,nonslender
W14X233,W,43975.520000000004,3.3957896544,1237618654.5882668,6096643.618661413,7086574.568000001,167.75981233391892,480791922.3210667,2380158.031292409,3625197.856,104.56180929465076,15759809322187.396,24907062.564800005,119.49001780433149,nonslender,nonslender
W14X211,W,39722.22,3.0673498284,1097587428.6474004,5501691.371666167,6343771.689,166.2274741915622,425987355.93584996,2124625.2166376556,3233429.5995000005,103.55750968579697,13742736123600.594,18450671.2542,117.92866088054787,nonslender,nonslender
W14X193,W,36456.880000000005,2.8152002736000004,998118324.9269335,5066590.4818626065,5800711.576,165.46314132387846,387787901.4717334,1943799.004870844,2954341.2520000003,103.1353100134301,12373644291495.29,14416597.370133335,116.92707055666295,nonslender,nonslender
W14X176,W,33312.74,2.5724097828,886163895.9488665,4591522.776937132,5224355.3889999995,163.0992065990303,352792689.5801166,1768384.4089228904,2686246.6684999997,102.90929690360022,10963837705746.61,10926738.996566664,116.3837033350971,nonslender,nonslender
W14X159,W,29977.739999999998,2.3148810828,789571729.7322,4144733.489407874,4680943.460999999,162.29171543737996,312746022.60345,1579525.3666840908,2396551.9815,102.14014105903391,9616132269672.193,8060960.900399999,115.02698877542392,nonslender,nonslender
W14X145,W,27373.98,2.1138187355999998,710894744.2594,3781355.022656383,4245818.897,161.1512501355464,282507440.80584997,1434047.922872335,2174006.6935,101.58883329543518,8563753179031.923,6183832.678366666,114.05117951052453,nonslender,nonslender
W14X132,W,24803.04,1.9152907488,633829834.2512,3398551.390086863,3810553.5560000003,159.85781844218732,226726523.28719997,1215691.813872386,1844147.044,95.60898493555091,6813570009256.403,4982107.489066667,107.54057199209907,nonslender,nonslender
W14X120,W,22632.399999999998,1.7476739279999998,569657222.1613332,3095963.1639202894,3452028.42,158.6505196032385,206805605.63333333,1108877.2420017873,1680602.7999999998,95.59074539981755,6119028837194.801,3781889.691333333,107.19223080159094,nonslender,nonslender
W14X109,W,20423.62,1.5771119364,507535054.76193327,2796336.3898729105,3098761.7569999998,157.64008528937399,185598099.32148334,1000528.8373125787,1514411.5665000002,95.32798242586907,5399891401722.655,2830003.9628000003,106.4008090683751,nonslender,nonslender
W14X99,W,18644.82,1.4397530004,462099553.4006,2560108.329089197,2824028.187,157.430428275296,168563716.52115002,908699.2804374665,1374802.0515,95.08301657417651,4904488520830.668,2131540.8948000004,105.97667362617395,nonslender,nonslender
W14X90,W,16832.0,1.29976704,409317290.6666667,2299535.3408239703,2525632.0,155.94167119863462,149545560.74666667,812747.6127536232,1228851.2,94.25814780903754,4270100729856.0,1589072.5546666665,104.82934377062757,nonslender,nonslender
W14X82,W,15308.599999999999,1.182130092,360617919.6846667,1986875.590549128,2235364.49,153.48145728801725,61449958.11666666,478209.7907911802,730134.75,63.356774310790655,1787806198508.7285,2000682.9939999997,72.63152624260594,nonslender,nonslender
W14X74,W,13890.279999999999,1.0726074216,329341057.59693325,1824604.1972129266,2038520.634,153.981107072318,56338722.77773333,438433.6402936446,667623.338,63.68659036924828,1637587985994.5188,1518660.848133333,72.555205311412,nonslender,nonslender
W14X68,W,12650.099999999999,0.9768407219999998,293813823.58299994,1650639.4583314604,1837490.085,152.4014619670001,50011357.318749994,393790.2151082677,599124.8625,62.876352703246155,1424961462377.827,1168067.1195000003,71.51412493135567,nonslender,nonslender
W14X61,W,11382.705999999998,0.8789725573199999,262239130.96635324,1485774.1131238143,1646414.0152999999,151.78399840181933,44814403.31010628,352869.31740241166,536301.4130449999,62.746000666651,1268708879609.424,844031.5511260665,71.23911339075036,nonslender,nonslender
W14X53,W,9890.36,0.7637335992000001,220324576.65746662,1248297.8847448535,1397611.246,149.25380865474,24144457.377466667,235555.68173138212,360065.546,49.40861440166387,681639958583.4999,741103.8202666667,57.00776377723615,nonslender,nonslender
W14X48,W,8932.512,0.68976857664,197666343.43264005,1126303.9511831342,1256997.6624,148.7577360109123,21382896.666009597,209636.2418236235,320187.69792,48.92676082678418,602665340205.8159,540456.7618432,56.45571140332222,nonslender,nonslender
W14X43,W,7968.75,0.615346875,174762545.0625,1004382.442887931,1116339.1875,148.09114101477786,18834662.45703125,185563.17691656403,282980.765625,48.6165145275134,526505466592.5469,384872.2578125,55.99388813639177,nonslender,slender
W14X38,W,7117.665999999999,0.5496261685199999,158036745.46715334,882886.8461852142,993733.1946999999,149.00822328604463,11123255.943426283,129340.18538867771,198912.86585499998,39.53185218800885,330393719681.64526,313820.8445649,46.59758456951494,nonslender,slender
W14X34,W,6376.6720000000005,0.49240661184,139921823.66037336,786077.6610133335,883619.9103999999,148.1309094355629,9677599.494958933,113188.2981866542,173958.94431999998,38.957114626863955,286656216381.86395,221509.1370752,46.03090622134985,nonslender,slender
W14X30,W,5618.4384,0.433855813248,118199271.58863549,673500.123012168,759046.4958240001,145.04393991890498,8159260.46300272,95429.94693570433,146887.84845599998,38.10812549180658,237238353651.05835,143358.86820944,45.45064857781157,nonslender,slender
W14X26,W,4887.968000000001,0.37744888896000006,99953283.63050666,566307.5559802077,646946.9472,142.9994463334934,3747440.0356522663,58553.75055706666,91135.40415999999,27.688738460152038,109550974009.344,135583.36073386666,33.63655856641579,nonslender,slender
W14X22,W,4094.4632,0.31617444830400004,79939903.24681811,459424.73130355234,526850.337484,139.72796147545714,2910783.5137908263,45839.11045339884,71450.962872,26.66284372228359,83711178055.98982,74719.14739832,32.77865694512113,nonslender,slender
W12X336,W,63638.32,4.9141510704,1685997437.0749335,7896943.499180016,9859357.828,162.76802805215112,494738694.9877333,2910227.617574902,4487836.216,88.17157254480878,15241756539541.334,107221079.99146666,104.86322486777155,nonslender,nonslender
W12X305,W,57538.96,4.4431584912,1464268206.9301333,7073759.45376876,8746878.136,159.52520539600553,432728031.31013334,2583450.933194826,3978974.636,86.72144595859771,12842606968161.334,80895777.50293332,102.6577902052322,nonslender,nonslender
W12X279,W,52595.740000000005,4.061443042800001,1299837463.3975337,6434838.927710563,7880871.491000001,157.20604434603257,387243709.4752834,2325788.044896597,3581765.2265000003,85.80585060958809,11237289673403.76,61417944.18923333,101.24944393823574,nonslender,nonslender
W12X252,W,47598.96,3.6755916911999997,1124678770.9448001,5752832.587952942,6981726.084,153.71474073362742,343639370.2688,2082662.8501139395,3202177.944,84.96747753001497,9543315272634.0,46192965.806933336,99.77222984555637,nonslender,nonslender
W12X230,W,43650.24,3.3706715328,1014592366.3488001,5284335.241400001,6354959.327999999,152.45879302547456,310174053.3248,1891305.2032,2904445.248,84.29647509745783,8493780659836.074,35721002.86293333,98.55563169926069,nonslender,nonslender
W12X210,W,39687.0,3.0646301400000002,886388141.7099999,4752751.430080429,5669955.449999999,149.44721735976455,276963306.25,1704389.576923077,2613033.75,83.5385594359959,7283674832916.016,27335993.849999998,97.21217173581734,nonslender,nonslender
W12X190,W,36020.64,2.7815138208,791811431.5872,4326838.423973771,5112450.216,148.2638151542933,248694193.0882,1539902.1243851394,2355889.4340000004,83.09159773660737,6426739166799.723,20682181.90806667,96.12331521598836,nonslender,nonslender
W12X170,W,32097.92,2.4786013824,680725113.1050668,3824298.388230712,4476792.064,145.62885712183524,216603884.48426667,1353774.2780266667,2068718.912,82.14756132308167,5412611162111.999,14779907.165866667,94.62205638786851,nonslender,nonslender
W12X152,W,28758.880000000005,2.2207607136000003,593868909.5509336,3413039.7100628368,3959933.696,143.70084120136067,191049741.59373334,1201570.7018473796,1833805.1720000003,81.50556137092634,4655240972889.407,10689020.117466668,93.47629375196112,nonslender,nonslender
W12X136,W,25589.64,1.9760320008,512801357.2912,3016478.5723011764,3471134.124,141.56063265972722,165843182.0097,1052972.5841885714,1605594.591,80.50386341755025,3933804822546.3745,7587317.1294,92.01899489934907,nonslender,nonslender
W12X120,W,22575.6,1.743287832,441608180.148,2652301.3822702705,3026036.34,139.86173260235142,142879669.2,915895.3153846153,1394955.0,79.55464960616378,3315366722543.6157,5257090.944,90.58662235464608,nonslender,nonslender
W12X106,W,19867.9,1.534199238,385455751.3863334,2350339.947477643,2655909.655,139.28722381001236,124711891.03958333,804592.8454166666,1222740.3625,79.2278643971387,2858552072749.208,3644059.119166667,89.62891767444484,nonslender,nonslender
W12X96,W,18078.8,1.396044936,345138474.1826666,2137080.3354963874,2399349.3400000003,138.1694049521252,113765703.06666668,733972.2778494625,1113927.8,79.32697205212806,2560007944005.792,2756349.193333333,89.36197177721542,nonslender,nonslender
W12X87,W,16274.480000000001,1.2567153456000002,303276778.3562668,1907401.121737527,2131741.816,136.5104877984326,99393443.59906667,647514.2905476657,982640.1120000001,78.14933886266552,2196610389856.0999,2012019.0958000002,88.01499646848717,nonslender,nonslender
W12X79,W,14785.24,1.1417162328,273556061.71853334,1736863.8839271958,1930287.406,136.02194546472757,90217997.36153333,587739.3964920738,891055.8840000001,78.11463394884525,1979287100271.222,1504794.4178999998,87.71373448989866,nonslender,nonslender
W12X72,W,13400.2,1.034763444,245377554.73333332,1572933.0431623932,1740173.9,135.31993389808258,80419105.67183334,527338.3978480875,798969.795,77.468291734251,1748965447526.0417,1126321.185,86.83203898694667,nonslender,nonslender
W12X65,W,12131.142,0.93676678524,217280495.15953997,1415508.111788534,1558644.8551000003,133.83186435628795,72845471.62627085,477675.2237788252,723073.769305,77.4908521090645,1548046623469.5002,837226.1620745333,86.6144730848473,nonslender,nonslender
W12X58,W,10815.836,0.8351988559199999,195008163.15294662,1258117.1816319136,1391809.2266,134.2753673061179,44535841.30910547,350675.9158197281,531598.87126,64.1689279420525,960031328691.567,808091.5606509334,72.09219021374489,nonslender,nonslender
W12X53,W,9850.328000000001,0.7606423281600001,174311882.59762672,1135582.2970529427,1253344.6796,133.0264956981729,39890750.99152107,314100.4015080399,476296.22632,63.63715568083302,852309836194.1224,592507.5394474667,71.65691741704451,nonslender,nonslender
W12X50,W,9290.56,0.7174170432,160987487.9021333,1038628.9542073115,1162232.836,131.63613293585212,23423623.250133336,228523.1536598374,348631.516,50.21183475043663,504714566355.14056,673182.9302666667,57.536675639852895,nonslender,nonslender
W12X45,W,8320.878,0.6425381991600001,142632627.91946006,929202.7877489255,1035069.3770999999,130.9256879888989,20672449.63043065,202671.07480814363,308826.375945,49.843828605996684,441557080217.85596,483318.7203041333,57.0216062428065,nonslender,nonslender
W12X40,W,7384.342,0.57021888924,124147249.86407337,822167.2176428699,910704.6808999999,129.66198037651637,18274172.977731183,180041.1130810954,273787.05189500004,49.74654969846388,381103775615.5323,344705.92149536667,56.655250962379945,nonslender,nonslender
W12X35,W,6630.792,0.51202975824,118206515.13696,743437.2021192453,833884.3368,133.5174423990297,10257170.1526904,122840.36111006467,188300.29476,39.33064580663365,237980859263.136,301016.09796479996,45.84270673687225,nonslender,slender
W12X30,W,5629.76,0.4347300672,97508193.14346668,625052.5201504275,697629.824,131.60597710802207,8545624.103466665,102959.32654779115,157467.34399999998,38.96071804204159,193146440493.73868,184304.96426666665,45.336643956907714,nonslender,slender
W12X26,W,4882.188,0.37700255736,83798717.32500997,540636.8859678062,601611.7629,131.01210846574085,7229659.4306544,87632.23552308364,133839.24948,38.481471453002726,162938298502.74026,118790.44143213333,44.805612397660866,nonslender,slender
W12X22,W,4119.84,0.3181340448,63460316.8512,406796.90289230767,470949.98400000005,124.11119097233669,1917131.8032000002,37590.81967058824,59344.056000000004,21.5717714782917,43323443054.784,114525.01440000003,26.616743233201184,nonslender,slender
W12X19,W,3558.1134,0.274757516748,53533879.295993395,345379.8664257638,400488.8744370001,122.66042497841222,1577537.9744395053,30932.117145872653,48849.52594950001,21.05620104165597,35640303385.69708,69132.82957601,26.201840285929073,nonslender,slender
W12X16,W,2989.1686,0.230823599292,41784386.302314326,273995.97575288085,321524.378411,118.23112124001433,1159898.0631086384,22968.27847739878,36603.88276850001,19.698570261193296,25703193889.107388,37891.58617777666,25.103231823934383,nonslender,slender
W12X14,W,2631.4848,0.20320325625600003,35744416.34578945,236717.98904496324,278386.77587199997,116.54769053840805,985394.57021056,19512.763766545744,31049.436895999996,19.351055099922366,21555275619.343746,25548.474223786663,24.81277314362845,nonslender,slender
W10X112,W,21137.280000000002,1.6322207616000002,299824654.82240003,2067756.240154483,2413674.048,119.09927587332142,97652179.35360001,739789.2375272728,1129031.424,67.96986695633016,1625324697672.1917,6268878.2592,78.0559203191539,nonslender,nonslender
W10X100,W,18777.559999999998,1.4500031831999998,256735492.26186663,1820819.0940557916,2106329.428,116.92930723238949,85224881.02236666,650571.6108577608,991594.8269999999,67.36954630271143,1368703792761.9412,4438657.4424,77.01681757334022,nonslender,nonslender
W10X88,W,16598.920000000002,1.2817686024000001,218777611.9937334,1596916.8758666671,1829648.9740000002,114.80519032492384,75304226.85693334,574841.4263888041,874751.302,67.3549876896854,1165242045588.9207,3065064.0112,76.58923294650718,nonslender,nonslender
W10X77,W,14482.600000000002,1.1183463720000002,187709602.45533335,1395610.4271771996,1583786.6700000002,113.84657691910277,64040247.00833334,494519.281917632,751487.5,66.4971804605763,975264697755.7916,2066228.861833334,75.25091288541,nonslender,nonslender
W10X68,W,12749.520000000002,0.9845179344000001,162027526.43840003,1227481.2608969698,1381433.424,112.7320705375184,55481905.7786,431765.8037245136,655238.682,65.96730894938915,828031012358.1254,1427344.787866667,74.30910968085942,nonslender,nonslender
W10X60,W,11293.28,0.8720670816,140165496.27506667,1082359.0445951095,1209322.958,111.40649515200052,48966318.12076667,381060.8414067445,577746.739,65.84740689490611,714804918576.1925,985813.1437,73.93253034081378,nonslender,nonslender
W10X54,W,10047.32,0.7758540504,124631254.54706667,969893.0314946823,1076339.614,111.37516645472158,42621995.22226667,335606.2615926509,508212.722,65.1316035655611,620710422834.736,709694.1018666666,72.8230365460174,nonslender,nonslender
W10X49,W,9162.784,0.70755018048,112091033.37685332,882606.562022467,974844.6176,110.60422374685012,38794843.61716054,305471.2095839412,462273.83744,65.06887204284799,557540743711.9814,536404.9066837333,72.59038133946066,nonslender,nonslender
W10X45,W,8411.184,0.64951162848,101880439.63552,792843.8882141634,885950.5776,110.05678916707896,22227829.5929372,217919.89796997258,331143.01044,51.40672803898414,323365406042.088,582817.5355132333,58.150548096142785,nonslender,nonslender
W10X39,W,7281.0,0.5622388199999999,85619895.75,679522.9821428572,754859.25,108.44058001649552,18831810.75,185535.08128078817,281760.75,50.856975055790514,267662424358.54688,373674.75,57.48013736017695,nonslender,nonslender
W10X33,W,6102.25,0.471215745,68918808.52083334,558047.032557355,617668.5625,106.27323045711982,15118587.249952083,149688.98267279292,227477.325625,49.77492419245738,210406696485.33334,210732.82350266667,56.5336844537669,nonslender,nonslender
W10X30,W,5684.42,0.43895091239999995,71007010.50166667,531887.719113608,599340.305,111.76544069757928,7032768.552120667,95037.4128664955,145874.3801,35.17386424913658,113288203530.66667,254231.49497066668,40.96545400197794,nonslender,nonslender
W10X26,W,4874.16,0.3763826352,59379474.90879999,453278.43441832054,507640.584,110.37438221204708,5935249.936799998,80751.69982040815,123619.644,34.895515257415326,93242487181.53601,161717.60959999997,40.51172041634574,nonslender,nonslender
W10X22,W,4137.272,0.31948014383999995,48763772.16561707,376554.22521712026,421791.00896,108.5654432258757,4745373.745526667,65005.11980173516,99653.41780000001,33.867112824424105,73992379287.8205,93223.54676933335,39.66893960120557,nonslender,slender
W10X19,W,3557.6499999999996,0.27472173299999997,38861650.47083333,300089.96502574004,344659.5875,104.51509281861568,1773779.6201770834,34779.99255249183,54429.269375,22.32894583987552,27414982170.0,89251.973625,27.107918463532652,nonslender,nonslender
W10X17,W,3174.9840000000004,0.24517226448,33475478.559123203,260509.5607713868,300526.19904000004,102.68159984413303,1486697.9996200001,29150.94116901961,45827.5926,21.639170459300605,22903687866.043224,58827.344169333344,26.614616341361458,nonslender,slender
W10X15,W,2802.6752,0.21642257894400002,28125554.36745131,221461.05801142764,257221.139264,100.17610931852457,1217302.6615364267,23868.67963796915,37734.443392,20.84072871926495,18526759930.18015,38360.53908352,26.04059038360113,nonslender,slender
W10X12,W,2237.5022,0.17277991988400002,21835506.91322453,173988.10289421937,202000.734687,98.7870243298883,917507.4859666317,18168.465068646172,28587.3819565,20.249908849643845,13809703059.003447,19422.82491409667,25.435408258862704,nonslender,slender
W8X67,W,12587.2,0.9719835840000001,112588039.16933332,983301.6521339155,1141325.3800000001,94.57613487565166,36627085.858333334,348829.3891269841,532130.35,53.94318893118369,385454293221.37506,2072314.990833333,61.81593306866055,nonslender,nonslender
W8X58,W,10961.2,0.846423864,94024852.83733335,847070.7462822824,973345.6400000001,92.61733496779836,31377131.03333333,300259.6271132376,457553.10000000003,53.502929823874794,317843818380.4877,1365518.2960000003,61.058609304860944,nonslender,nonslender
W8X48,W,9017.039999999999,0.6962958287999998,75925755.9648,703016.2589333333,795587.1119999998,91.76193525624157,25367290.640799996,246284.37515339802,373906.21199999994,53.04018672082334,249975908824.53598,793727.2655999997,59.84947919645455,nonslender,nonslender
W8X40,W,7481.8240000000005,0.5777464492800001,60459814.47445332,575807.7568995554,645329.8096,89.89378382229287,20400684.252752535,199031.06588051253,302170.19784,52.21780633615723,195417773476.29172,441150.5168784,58.88618827556989,nonslender,nonslender
W8X35,W,6563.696,0.50684860512,52015112.687786676,505001.0940561813,561430.2592000001,89.0206052420675,17835638.547271866,174859.20144384183,264980.34788,52.127884704045165,166710419822.01602,303474.98738006665,58.43414480143119,nonslender,nonslender
W8X31,W,5776.4400000000005,0.44605669680000004,44781298.57,441195.05980295566,488033.41000000003,88.04773902639691,15342340.343311999,151156.06249568472,229021.3964,51.536589237269034,141342254592.0,204416.88580266666,57.77308865807332,nonslender,nonslender
W8X28,W,5230.936000000001,0.40393287792000004,40204158.49821334,392235.692665496,437999.9476,87.66894593791329,9001852.293426134,108456.0517280257,164957.53816000003,41.48358089981715,83947791244.12799,206268.89517226667,47.077320222726485,nonslender,nonslender
W8X24,W,4489.331999999999,0.34666621703999995,33716937.85595999,335491.91896477604,371834.83979999996,86.66289660794092,7640234.1598124,92608.89890681698,140594.28126,41.25365882459755,69502032220.50002,132037.70153279998,46.605268170156386,nonslender,nonslender
W8X21,W,3937.5599999999995,0.3040583832,30911734.540799994,294397.4718171428,330154.344,88.6029323561077,4094422.3564249994,61110.781439179096,93486.8865,32.24651069073551,40822001367.768005,111854.03647499997,37.26530629218608,nonslender,nonslender
W8X18,W,3340.0816000000004,0.257921101152,25348004.96708502,244908.2605515461,274209.17089600005,87.11508270795458,3289007.291347414,49458.75626086337,75738.972336,31.38006794778024,32406613904.31773,65365.427500160025,36.5109308872341,nonslender,nonslender
W8X15,W,2813.8,0.217281636,19559184.333333332,189894.99352750808,217703.5,83.37363893661767,1418754.1625933333,27818.709070457517,43453.699,22.454684724711548,13867866144.0,50698.361968000005,27.17830950027822,nonslender,nonslender
W8X13,W,2431.7536,0.187780012992,16107955.09799381,158699.06500486512,182620.05353600002,81.38800843338959,1149258.9350690134,22534.48892292183,35329.317056,21.739480450470523,11065671931.688066,31550.05181269333,26.657028468625164,nonslender,nonslender
W8X10,W,1860.9856,0.143705308032,12339447.261341656,123394.47261341655,140301.412512,81.42848351096262,869607.0197384533,17392.140394769067,26934.504448,21.616730696487583,8236824198.375,14662.809143573335,26.189237572952937,nonslender,slender
W6X25,W,4701.244,0.36303006167999996,22056054.090613335,272296.9640816461,307831.56680000003,68.49478597984208,7067259.2875186335,91782.58814959264,139846.36242999998,38.77208146221201,39930484753.74934,187192.02822293332,44.168993439428874,nonslender,nonslender
W6X20,W,3750.456,0.28961021232,16956962.629220806,216012.26279262174,241159.36943999998,67.24066411186959,5536853.68968,72377.17241411764,110008.5444,38.422842130282866,30191186472.47137,95410.25562599998,43.5057443862531,nonslender,nonslender
W6X15,W,2816.992,0.21752812224,11913056.716373334,156750.7462680702,173992.8224,65.03075526011152,3865292.6105429325,50859.113296617536,77426.66432,37.04233724927757,20417016074.752,38786.358920533334,42.333955917754714,nonslender,nonslender
W6X16,W,3021.2400000000002,0.23330015280000002,13280475.677200004,166005.94596500005,189338.214,66.30010289535213,1825080.1452000001,35785.885200000004,55098.666000000005,24.578102851327348,10206341580.158998,88651.48640000001,28.67320158344959,nonslender,nonslender
W6X12,W,2260.9152,0.174587871744,9024667.505288642,117969.50987305414,133921.782864,63.179104846555205,1259834.95858176,24702.646246701177,38169.513792,23.605580820600817,6691291083.168326,34126.89242352,27.897867482008376,nonslender,nonslender
W6X9,W,1692.8256000000001,0.130719992832,6674670.5577523215,88995.60743669762,99809.546112,62.79264953375237,910934.40397312,18218.6880794624,27948.891648,23.19730022765536,4752887138.999999,14735.76954624,27.191105554482814,nonslender,nonslender
W6X8.5,W,1586.592,0.12251663424,6014852.987759998,81281.79713189187,91407.0888,61.57152048012853,825927.8198784,16518.556397567998,25394.31936,22.81594269152088,4220556140.625,11930.130100800001,26.951397874931068,nonslender,nonslender
W5X19,W,3539.512,0.27332111664000003,10834224.237973336,165408.0036331807,188014.2776,55.32573796323906,3812763.875922933,59574.43556129583,90577.52708,32.82073182881046,13738242561.365332,123433.05653520003,37.19756510383813,nonslender,nonslender
W5X16,W,2984.752,0.23048254944,8731593.741739733,137505.41325574383,154835.08936,54.08696775308758,3122426.5511933337,49172.071672335966,74720.89779999999,32.34387051581053,10836249362.463308,73564.72481200001,36.574879806196236,nonslender,nonslender
W4X13,W,2433.6528,0.187926669216,4687762.56984576,88448.3503744483,101653.239936,43.88877850716683,1598031.5835112398,31029.739485655144,47585.632452,25.624970237525226,3771329158.416248,57809.37745548,29.626140671826015,nonslender,nonslender
H-100100x6x8,H,2104.0,0.16247088,3690485.3333333335,73809.70666666667,84184.0,41.881176596475854,1334845.3333333333,26696.906666666666,40756.0,25.187937443326373,2821333333.3333335,40757.333333333336,28.83464422062389,nonslender,nonslender
H-125125x6.5x9,H,2945.5,0.22745151,8247752.458333333,131964.03933333332,149104.625,52.91615688930207,2932136.2395833335,46914.179833333335,71442.6875,31.55095863617723,9855468750.0,71368.83333333333,35.891165165265804,nonslender,nonslender
H-15075x5x7,H,1730.0,0.1335906,6420256.666666667,85603.42222222223,98195.0,60.919053022799076,493604.1666666667,13162.77777777778,20537.5,16.89142763513453,2516185546.875,23108.333333333332,20.290128924497182,nonslender,nonslender
H-148100x6x9,H,2580.0,0.1992276,9805100.0,132501.35135135136,150450.0,61.647598141283225,1502340.0,30046.8,46170.0,24.130941249387586,7245375000.0,58608.0,28.060610848885883,nonslender,nonslender
H-150150x7x10,H,3910.0,0.30193020000000004,16006583.333333334,213421.11111111112,239575.0,63.98246109847795,5628715.833333333,75049.54444444444,114092.5,37.94165608980675,27562500000.0,116006.66666666667,42.959903223607114,nonslender,nonslender
H-19899x4.5x7,H,2214.0,0.17096508,14982390.0,151337.27272727274,170451.0,82.26246909215776,1133412.75,22897.227272727272,35235.0,22.625867454061964,10324264363.875,28439.625,26.735533268888016,nonslender,slender
H-200100x5.5x8,H,2612.0,0.20169863999999998,17609322.666666668,176093.22666666668,200152.0,82.10786118143432,1335884.4166666665,26717.68833333333,41391.5,22.615065794018587,12288000000.0,44781.333333333336,26.973741794900178,nonslender,nonslender
H-194150x6x9,H,3756.0,0.29003832,25845988.0,266453.4845360825,296214.0,82.95332097709446,5065668.0,67542.24,102834.0,36.724472779857116,43316015625.0,86220.0,41.9286234251598,nonslender,nonslender
H-200200x8x12,H,6208.0,0.47938176,46104917.333333336,461049.17333333334,513152.0,86.17826963959999,16007509.333333334,160075.09333333335,242816.0,50.77922025417477,141376000000.0,262485.3333333333,57.121715198547236,nonslender,nonslender
H-200204x12x12,H,7008.0,0.54115776,48771584.0,487715.84,553152.0,83.423111456683,17004672.0,166712.4705882353,256032.0,49.2591692319781,150029342208.0,343296.0,57.22722481910831,nonslender,nonslender
H-208202x10x16,H,8224.0,0.6350572800000001,64253269.33333333,617819.8974358974,697984.0,88.39059642104449,21994421.333333336,217766.54785478552,330832.0,51.71478450546008,202565419008.0,615594.6666666666,58.45053844606671,nonslender,nonslender
H-248124x5x8,H,3144.0,0.24277968,33783168.0,272444.9032258064,305360.0,103.65945418893585,2544582.0,41041.645161290326,62954.0,28.44899681618542,36607180800.0,52325.333333333336,33.470048360084256,nonslender,slender
H-250125x6x9,H,3642.0,0.28123524,38929334.0,311434.672,351861.0,103.38761483708946,2933863.5,46941.816,72400.5,28.382456527761075,42539794921.875,78102.0,33.68025287415782,nonslender,slender
H-244175x7x11,H,5404.0,0.41729688,58674261.333333336,480936.568306011,534772.0,104.19962242065921,9831866.333333334,112364.18666666668,171157.0,42.65405382172482,133354425130.20833,181923.0,48.794059247745466,nonslender,nonslender
H-244252x11x11,H,7986.0,0.61667892,85329750.0,699424.1803278689,781407.0,103.36787390370328,29363471.5,233043.42460317462,355987.5,60.637187082682814,398194179768.0,326982.3333333333,69.9206175466926,nonslender,nonslender
H-248249x8x13,H,8250.0,0.637065,96766870.0,780377.9838709678,859263.0,108.301974015978,33459011.5,268747.0803212851,406558.5,63.68388930943019,461812704721.875,404808.6666666667,70.97284937866644,nonslender,nonslender
H-250250x9x14,H,8998.0,0.69482556,105788119.33333333,846304.9546666666,936889.0,108.42900033845092,36471819.833333336,291774.5586666667,441995.5,63.665729909044856,507645833333.3333,514681.3333333333,71.30436608106491,nonslender,nonslender
H-250255x14x14,H,10248.0,0.7913505599999999,112298536.0,898388.288,1015014.0,104.6809098937092,38740639.0,303848.14901960787,466053.0,61.48424317229533,538717819500.0,682341.3333333334,71.30992661126587,nonslender,nonslender
H-298149x5.5x8,H,3935.0,0.30386070000000004,60414791.666666664,405468.4004474273,455025.5,123.90797879398173,4414508.479166667,59255.147371364656,90936.625,33.494138307050214,92732836966.66667,66941.58333333333,39.723770900416206,nonslender,slender
H-300150x6.5x9,H,4533.0,0.35003826,69325191.0,462167.94,522076.5,123.66667320749943,5068953.6875,67586.04916666666,104228.625,33.44000256855089,107174390625.0,99538.625,39.93488413004471,nonslender,slender
H-294200x8x12,H,6960.0,0.5374511999999999,108608400.0,738832.6530612245,822600.0,124.91859418202637,16011520.0,160115.2,244320.0,47.963587721587686,318096000000.0,278528.0,55.26811492702636,nonslender,nonslender
H-298201x9x14,H,8058.0,0.62223876,128337166.0,861323.2617449665,963201.0,126.20094032648943,18964471.5,188701.20895522388,288274.5,48.51284459647156,382068863316.0,436708.0,55.90330826632936,nonslender,nonslender
H-294302x12x12,H,10488.0,0.8098833599999999,163867464.0,1114744.6530612244,1240668.0,124.99712582508005,55126096.0,365073.4834437086,556944.0,72.49904389279867,1095188941296.0,510336.0,83.48796450423839,nonslender,nonslender
H-298299x9x14,H,10802.0,0.8341304399999999,183712000.66666666,1232966.447427293,1352849.0,130.41173623082494,62388500.166666664,417314.3823857302,631274.5,75.99765400852665,1257670977350.6667,615982.6666666666,84.76025739639047,nonslender,nonslender
H-300300x10x15,H,11700.0,0.903474,199327500.0,1328850.0,1464750.0,130.52409149861361,67522500.0,450150.0,681750.0,75.96811071860249,1370671875000.0,770000.0,85.08588558168702,nonslender,nonslender
H-300305x15x15,H,13200.0,1.019304,210577500.0,1403850.0,1577250.0,126.30455616916957,71007500.0,465622.95081967214,712875.0,73.34409356319063,1440354041015.625,1006875.0,84.87563105477973,nonslender,nonslender
H-304301x11x17,H,13204.0,1.01961288,229030305.33333334,1506778.3245614036,1669054.0,131.70240881445196,77297500.33333333,513604.6533776301,778276.0,76.51207269774159,1591112764832.2083,1113207.6666666667,85.79103758746871,nonslender,nonslender
H-310305x15x20,H,16250.0,1.254825,281515416.6666666,1816228.4946236557,2042375.0,131.62076447516037,94651354.16666667,620664.6174863388,945437.5,76.31971382250276,1988448135416.6667,1952916.6666666667,86.91105712073289,nonslender,nonslender
H-310310x20x20,H,17800.0,1.374516,293928333.3333334,1896311.8279569894,2162500.0,128.50224790001073,99483333.33333333,641827.9569892472,988000.0,74.75928912758215,2087852583333.3333,2426666.6666666665,87.17815287767766,nonslender,nonslender
H-346174x6x9,H,5100.0,0.393822,106589444.0,616123.9537572254,689118.0,144.56794589531995,7907940.0,90895.86206896552,139194.0,39.377359873260104,224356581621.0,108828.0,46.49609694386618,nonslender,slender
H-350175x7x11,H,6146.0,0.47459412,131234688.66666666,749912.5066666666,840847.0,146.12618453630216,9834896.166666668,112398.81333333335,172455.5,40.00263611283265,282289669921.875,194042.33333333334,47.13688649766413,nonslender,slender
H-354176x8x13,H,7200.0,0.555984,156614944.0,884830.1920903955,995376.0,147.4858486620176,11826176.0,134388.36363636365,206592.0,40.52806983368989,343383064405.3333,315978.6666666667,47.72279111847308,nonslender,slender
H-336249x8x12,H,8472.0,0.65420784,177153408.0,1054484.5714285714,1162800.0,144.60449136701374,30889810.0,248110.9236947791,376998.0,60.38299426347498,810322813512.0,342144.0,68.88080450098926,nonslender,slender
H-340250x9x14,H,9808.0,0.75737376,208875829.33333334,1228681.349019608,1360024.0,145.93311912753921,36477287.333333336,291818.29866666667,443818.0,60.98472060576073,968661458333.3334,536551.3333333334,69.5551042103326,nonslender,nonslender
H-338351x13x13,H,13182.0,1.01791404,274014234.0,1621386.0,1799343.0,144.17697458332242,93751482.5,534196.4814814815,813988.5,84.33316864279044,2474116706953.125,752106.3333333334,96.91843040373584,slender,nonslender
H-344348x10x16,H,14256.0,1.10084832,325060864.0,1889888.7441860465,2069664.0,151.0022780987801,112410512.0,646037.4252873564,976632.0,88.79829347911812,3022693834752.0,1059605.3333333333,98.76024355904815,nonslender,nonslender
H-344354x16x16,H,16320.0,1.2602304,345414656.0,2008224.7441860465,2247168.0,145.4823485014254,118404800.0,668953.6723163842,1022496.0,85.17743878769409,3181751184384.0,1414485.3333333333,98.31113811262415,nonslender,nonslender
H-350350x12x19,H,17044.0,1.31613768,395061761.3333333,2257495.779047619,2493182.0,152.24629585195652,135815761.33333334,776090.0647619048,1174982.0,89.26666780008011,3718797067708.3335,1791089.3333333333,99.77567845796534,nonslender,nonslender
H-350357x19x19,H,19494.0,1.50532668,420072178.0,2400412.4457142856,2707557.0,146.79507271131305,144259428.5,808176.0700280112,1238923.5,86.02439417840839,3946417198628.625,2389218.3333333335,99.69970325851634,nonslender,nonslender
H-396199x7x11,H,6996.0,0.54023112,192792688.0,973700.4444444445,1087548.0,166.00469797095406,14458455.0,145311.1055276382,222387.0,45.46069212299662,535379985605.2083,220597.66666666666,53.454382959391765,nonslender,slender
H-400200x8x13,H,8192.0,0.63258624,229648682.6666667,1148243.4133333333,1285952.0,167.43143808237846,17349290.666666664,173492.90666666665,265984.0,46.01992322172358,648999000000.0,358981.3333333333,54.05855793315339,nonslender,slender
H-404201x9x15,H,9396.0,0.72555912,267464688.0,1324082.6138613862,1487556.0,168.71811793806242,20324223.0,202231.07462686568,310581.0,46.50883613981821,768010914950.625,546777.0,54.624540209285215,nonslender,slender
H-386299x9x14,H,11594.0,0.89528868,324186488.6666667,1679722.739205527,1845561.0,167.21714617539843,62393846.166666664,417350.1415830546,633056.5,73.35913991613221,2157825090876.0,637366.6666666666,83.11333294267484,nonslender,slender
H-390300x10x16,H,13180.0,1.0177596,374142793.3333333,1918680.9914529913,2115610.0,168.48490098939482,72029833.33333333,480198.8888888889,728950.0,73.92621990114216,2517768000000.0,943866.6666666666,83.77812634445084,nonslender,nonslender
H-388402x15x15,H,17430.0,1.3459446000000002,477053450.0,2459038.402061856,2729805.0,165.43783075899572,162512707.5,808520.932835821,1232167.5,96.5594913514546,5649055482645.0,1324125.0,111.00259607860721,nonslender,nonslender
H-394398x11x18,H,18266.0,1.41050052,548854840.6666666,2786065.1810490694,3046115.0,173.34328508829,189174084.16666666,950623.5385259631,1436465.5,101.76749708298385,6684765385344.0,1714242.6666666667,112.9773324037065,nonslender,nonslender
H-394405x18x18,H,21024.0,1.62347328,584533248.0,2967173.847715736,3317778.0,166.74274062912428,199464363.0,985009.2,1505223.0,97.4035943297585,7043719014000.0,2305584.0,112.39457205167908,nonslender,nonslender
H-400400x13x21,H,21454.0,1.65667788,653615871.3333334,3268079.356666667,3600133.0,174.54489709674675,224065543.83333334,1120327.7191666667,1695125.5,102.19588299275121,8043896000000.0,2747154.3333333335,113.97617658873536,nonslender,nonslender
H-400408x21x21,H,24654.0,1.90378188,696282538.0,3481412.69,3920133.0,168.05407819225076,237986878.5,1166602.3455882352,1787341.5,98.25005689427068,8536246786368.0,3688965.0,113.78296320165136,nonslender,nonslender
H-406403x16x24,H,25072.0,1.93605984,767793925.3333334,3782236.0853858786,4207360.0,174.99588897228585,261925505.33333334,1299878.4383788256,1971820.0,102.21023943891528,9550846479148.0,4235605.333333333,114.99543403739521,nonslender,nonslender
H-414405x18x28,H,29124.0,2.2489552799999997,915113148.0,4420836.463768116,4953978.0,177.26046588207456,310181238.0,1531759.2,2325348.0,103.20060690596833,11547460055250.0,6677424.0,116.35184479362916,nonslender,nonslender
H-428407x20x35,H,35650.0,2.752893,1179442543.3333335,5511413.753894081,6239105.0,181.8899181084274,393517000.8333334,1933744.475839476,2934657.5,105.06352861204157,15185361358426.875,12681416.666666666,118.43106911888609,nonslender,nonslender
H-458417x30x50,H,52440.0,4.0494167999999995,1858781480.0,8116949.694323144,9468030.0,188.27073880656656,605069775.0,2902013.309352518,4427775.0,107.41659661724975,25147062068400.0,38422000.0,123.27549385480995,nonslender,nonslender
H-498432x45x70,H,76590.0,5.9142798,2966498250.0,11913647.590361446,14384565.0,196.80494816544888,943303522.5,4367145.9375,6713077.5,110.9787153664829,43075028828160.0,111784500.0,130.07591320063722,nonslender,nonslender
H-446199x8x12,H,8152.0,0.62949744,275055341.3333333,1233432.023916293,1392560.0,183.68680321363485,15779203.333333334,158584.9581239531,244358.0,43.99572216543738,742179052622.0,303317.3333333333,52.67333680050049,nonslender,slender
H-450200x9x14,H,9398.0,0.72571356,322589452.6666666,1433730.9007407406,1621489.0,185.27096410707424,18692303.166666668,186923.03166666668,288545.5,44.59782589254838,887114666666.6666,471814.6666666667,53.29381636431954,nonslender,slender
H-434299x10x15,H,13010.0,1.0046321999999999,448813116.6666667,2068263.2104454685,2287255.0,185.73515908689745,66860914.166666664,447230.1950947603,680607.5,71.68817208872392,2933064599586.875,812416.6666666666,82.28498250854582,nonslender,slender
H-440300x11x18,H,15244.0,1.1771416799999999,541562725.3333334,2461648.7515151515,2727644.0,188.48418345746472,81044810.33333333,540298.7355555556,822221.0,72.91437123250299,3606201000000.0,1353627.3333333333,83.33563380822753,nonslender,nonslender
H-496199x9x14,H,9784.0,0.7555204799999999,400595765.3333333,1615305.505376344,1835656.0,202.3461544070585,18416495.333333332,185090.405360134,286684.0,43.38556640843916,1067997164544.3334,481163.3333333333,52.39826839709407,nonslender,slender
H-500200x10x16,H,11080.0,0.8555976,460365493.3333333,1841461.9733333332,2096360.0,203.8362878643075,21372333.333333332,213723.3333333333,331700.0,43.91936874161391,1249365333333.3333,707466.6666666666,52.97292696164846,nonslender,slender
H-506201x11x19,H,12786.0,0.98733492,547065278.0,2162313.3517786562,2462169.0,206.84842839410206,25767145.5,256389.50746268657,397966.5,44.89167445614278,1524714231367.125,1135171.6666666667,53.83991628531521,nonslender,slender
H-482300x11x15,H,13972.0,1.0789178400000001,575518957.3333334,2388045.4661134165,2663336.0,202.95536137239773,67550134.33333333,450334.22888888884,688673.0,69.53185567165876,3680251875000.0,882192.3333333334,81.25585124238047,nonslender,slender
H-488300x11x18,H,15772.0,1.21791384,681371557.3333334,2792506.3825136614,3099836.0,207.84932390792451,81050134.33333333,540334.2288888888,823673.0,71.68585761449587,4473225000000.0,1374923.3333333333,82.57461041923223,nonslender,slender
H-596199x10x15,H,11630.0,0.8980686,655022976.6666666,2198063.6800894854,2535175.0,237.32222412256735,19748664.166666668,198479.0368509213,311157.5,41.20775975504866,1662614299399.375,641416.6666666666,51.05780894181812,nonslender,slender
H-600200x11x17,H,13026.0,1.00586772,744186438.0,2480621.46,2863179.0,239.02060354193216,22729445.5,227294.455,357121.5,41.77234763048709,1926037666666.6667,913724.3333333334,51.64557963781255,nonslender,slender
H-606201x12x20,H,14832.0,1.14532704,871815456.0,2877278.7326732674,3316788.0,242.44454875971323,27150174.0,270150.98507462686,424386.0,42.78449893962255,2323818250830.0,1409536.0,52.541531311035314,nonslender,slender
H-612202x13x23,H,16650.0,1.285713,1002738726.0,3276923.9411764704,3777651.0,245.40690313866094,31699522.5,313856.6584158416,493159.5,43.63341867451169,2740320074694.3335,2069833.6666666667,53.331073107002005,nonslender,slender
H-582300x12x17,H,16776.0,1.29544272,978835992.0,3363697.567010309,3782412.0,241.55206596559273,76578912.0,510526.08,784728.0,67.56322742121498,6105178125000.0,1308040.0,80.17582034910508,nonslender,slender
H-588300x12x20,H,18576.0,1.43443872,1132838592.0,3853192.4897959186,4308912.0,246.94936659988153,90078912.0,600526.08,919728.0,69.63626427606224,7259040000000.0,1927168.0,81.46390565876982,nonslender,slender
H-594302x14x23,H,21564.0,1.66517208,1324947156.0,4461101.535353536,5017230.0,247.87607863953707,105709140.0,700060.5298013245,1075698.0,70.01508303993134,8606164433597.667,2971897.3333333335,82.22606189996048,nonslender,slender
H-692300x13x20,H,20476.0,1.58115672,1655417125.3333333,4784442.558766859,5413588.0,284.3355494744324,90119370.33333333,600795.8022222222,927547.0,66.34168744265907,10160640000000.0,2092128.0,79.52782969554896,nonslender,slender
H-700300x13x24,H,22876.0,1.76648472,1946069925.3333333,5560199.786666666,6248788.0,291.6682639112295,108119370.33333333,720795.8022222222,1107547.0,68.7482598718987,12338352000000.0,3259857.3333333335,81.04849738821325,nonslender,slender
H-708302x15x28,H,26692.0,2.06115624,2302591877.333333,6504496.828625235,7344220.0,293.70945408473347,128720212.33333333,852451.7373068433,1313531.0,69.44369414983396,14858858395733.334,5184669.333333333,81.997610114954,nonslender,slender
H-792300x14x22,H,23672.0,1.82795184,2445362890.6666665,6175158.814814814,7040264.0,321.40615000180674,99171042.66666667,661140.2844444445,1026652.0,64.72543287202396,14674275000000.0,2833893.3333333335,78.5979678563069,nonslender,slender
H-800300x14x26,H,26072.0,2.01327984,2825535690.6666665,7063839.226666667,7995464.0,329.20257607576013,117171042.66666667,781140.2844444445,1206652.0,67.03829705448085,17522973000000.0,4223152.0,80.0915352375994,nonslender,slender
H-808302x16x30,H,30088.0,2.3233953599999997,3301307509.3333335,8171553.240924093,9286696.0,331.24271045108094,137973357.33333334,913730.8432671082,1415932.0,67.71750615535643,20839631530840.0,6498229.333333333,81.00633985316219,nonslender,slender
H-890299x15x23,H,26414.0,2.03968908,3336803428.6666665,7498434.671161048,8633619.0,355.42520680953015,102705821.16666667,686995.4593088072,1075586.5,62.35631508753973,19256100957643.875,3400663.6666666665,77.0114937630422,nonslender,slender
H-900300x16x28,H,30304.0,2.34007488,3996325845.3333335,8880724.100740742,10174144.0,363.1453330430488,126288085.33333333,841920.5688888888,1314016.0,64.55519700263704,23952096000000.0,5580970.666666667,78.69593264345451,nonslender,slender
H-912302x18x34,H,35728.0,2.75891616,4861514133.333334,10661215.204678364,12220816.0,368.87686942627755,156490629.33333334,1036361.7836644592,1618832.0,66.18198909032753,30079979505085.332,9620037.333333334,80.22100773398425,nonslender,slender
H-918303x19x37,H,38458.0,2.96972676,5305246803.333333,11558271.902687,13260487.0,371.4150080497845,172027532.83333334,1135495.2662266227,1774637.5,66.8814427280524,33286657291939.125,12246165.666666666,80.91342464290923,nonslender,slender
BH-1000x400x15x30,BH,38100.0,2.942082,6685430000.0,13370860.0,14953500.0,418.8921146005743,320264375.0,1601321.875,2452875.0,91.68363598599015,75272000000000.0,8291250.0,107.75957034890344,nonslender,slender
BH-2200x350x10x30,BH,42400.0,3.274128,32890253333.333332,29900230.3030303,34234000.0,880.7460031204107,214553333.33333334,1226019.0476190476,1891000.0,71.13522422672303,252367609375000.0,7023333.333333333,88.2175420762597,nonslender,slender
BH-700x350x10x30,BH,27400.0,2.115828,2576753333.3333335,7362152.3809523815,8059000.0,306.6628318812388,214428333.33333334,1225304.761904762,1853500.0,88.46384335709429,24058234375000.0,6523333.333333333,98.77205265930128,nonslender,slender
BH-2200x300x10x25,BH,36500.0,2.81853,26022604166.666668,23656912.87878788,27868750.0,844.3625165536013,112679166.66666667,751194.4444444445,1178750.0,55.561681549616594,133048828125000.0,3850000.0,71.94235245531068,nonslender,slender
BH-1500x300x10x25,BH,29500.0,2.27799,10699895833.333334,14266527.777777778,16318750.0,602.2527155051552,112620833.33333333,750805.5555555555,1161250.0,61.7871780164108,61189453125000.0,3616666.6666666665,76.28070248706953,nonslender,slender
BH-1800x300x10x25,BH,32500.0,2.50965,16281770833.333332,18090856.48148148,20968750.0,707.7976858556151,112645833.33333333,750972.2222222221,1168750.0,58.87296188426093,88611328125000.0,3716666.6666666665,74.31415267798522,nonslender,slender
BH-700x300x10x25,BH,21500.0,1.66023,1938229166.6666667,5537797.619047619,6118750.0,300.25021864846263,112554166.66666667,750361.1111111111,1141250.0,72.35383555403159,12814453125000.0,3350000.0,82.81268642641872,nonslender,slender
BH-2200x350x10x25,BH,39000.0,3.01158,28979375000.0,26344886.363636363,30587500.0,862.0098012412025,178825000.0,1021857.1428571428,1585000.0,67.7145214134783,211276611328125.0,4370833.333333333,85.89576447355634,nonslender,slender
BH-1500x350x10x25,BH,32000.0,2.47104,12059791666.666668,16079722.222222224,18162500.0,613.8961553742892,178766666.6666667,1021523.8095238096,1567500.0,74.74261390487581,97166585286458.33,4137500.0,90.53397723315351,nonslender,slender
BH-1200x300x10x25,BH,26500.0,2.04633,6445520833.333333,10742534.722222222,12118750.0,493.1806983833224,112595833.33333333,750638.8888888889,1153750.0,65.18358206687618,38830078125000.0,3516666.6666666665,78.45475362680574,nonslender,slender
BH-700x350x10x25,BH,24000.0,1.85328,2223125000.0,6351785.714285715,6962500.0,304.35211241805655,178700000.0,1021142.8571428572,1547500.0,86.28924228044498,20348876953125.0,3870833.3333333335,97.43574955606118,nonslender,slender
BH-2200x350x15x30,BH,53100.0,4.100382,36973730000.0,33612481.81818182,39958500.0,834.4481808227175,214976875.0,1228439.2857142857,1957875.0,63.628049784645796,252367609375000.0,8741250.0,83.24459594524112,nonslender,slender
BH-1500x350x15x30,BH,42600.0,3.289572,15078780000.0,20105040.0,23211000.0,594.947032794505,214780000.0,1227314.2857142857,1918500.0,71.00552117658658,115810734375000.0,7953750.0,88.56929599719554,nonslender,slender
BH-1800x350x15x30,BH,47100.0,3.637062,23034330000.0,25593700.0,29938500.0,699.3222378536864,214864375.0,1227796.4285714286,1935375.0,67.54166363781623,167903859375000.0,8291250.0,86.14691623558029,nonslender,slender
