"카드번호(CARD_ID)","운행출발일시(START_DATETIME)","트랜잭션ID(TRANSACTION_ID)","교통수단CD(SUDAN_CD)","환승횟수(TRANSFER_CNT)","버스노선ID(LINE_ID)","교통사업자ID(COMPANY_ID)","차량ID(VEHICLE_ID)","교통카드발행사ID(CARD_COMP_ID)","교통카드사용자구분코드(CARD_USER_GBN)","교통카드사용자구분코드1(BILL_USER_GBN1)","교통카드사용자구분코드2(BILL_USER_GBN2)","교통카드사용자구분코드3(BILL_USER_GBN3)","승차일시(GETON_DATETIME)","승차정류장ID(GETON_STATION_ID)","하차일시(GETOFF_DATETIME)","하차정류장ID(GETOFF_STATION_ID)","승객수1(PASSN_CNT1)","승객수2(PASSN_CNT2)","승객수3(PASSN_CNT3)","이용거리(MOV_DIST)"
"i*/*L*h*t*4*v*0*c*x*L*A*O*+*I*V*I*u*8*I*Z*0*","20180224104506","056","120",0,"11110018","211000000","111753132","3101000","01","06","~","~","20180224171619","0007651","20180224091658","4123",1,0,0,3541
"9*D*N*I*Y*A*8*9*c*5*E*u*E*T*C*U*+*G*q*9*J*I*","20170311161320","059","120",2,"11110002","111005400","111758104","2000600","01","01","~","~","20170311221446","4113","20170311143121","0205",1,0,0,12000
"V*C*B*4*X*v*M*S*+*K*Z*w*+*N*5*0*h*0*i*F*E*M*","~","084","105",0,"11110220","211000000","~","3101000","01","01","~","~","20180328055000","0011400","20180328221154","0074931",1,0,0,13500
"i*2*i*q*+*O*A*/*u*e*E*c*i*Q*R*5*O*2*u*T*M*c*","~","025","203",1,"11110242","211000000","~","3101000","01","01","~","~","20191102171442","0075512","20191102214718","8000471",1,0,0,1179
"a*D*v*7*7*M*m*Y*3*I*f*3*G*U*a*/*7*T*b*z*a*k*","20170311035835","029","203",0,"~","111001001","111741806","2000800","01","01","~","~","20170311075749","0009406","20170311150925","0319",1,0,0,562
"v*9*2*i*x*9*N*6*D*7*y*m*u*y*2*z*8*b*0*3*d*8*","~","086","105",0,"~","211000000","111748396","2000100","07","01","~","~","20181023095422","0072247","20181023162747","8501279",1,0,0,3857
"i*s*J*x*Z*F*i*p*y*S*V*T*t*6*I*F*x*U*Y*b*K*Y*","20171222190111","089","120",1,"11110249","211000000","~","2000700","06","01","~","~","20171222173509","0009432","20171222194557","0071427",1,0,0,2339
"+*4*f*S*X*O*6*x*O*w*J*t*x*x*c*8*d*B*p*D*6*c*","20210531152617","068","115",0,"~","111002100","~","2000100","01","01","~","~","20210531151959","9009123","20210531185027","2563",1,0,0,15600
"T*3*i*l*R*q*5*L*n*Q*Y*H*O*z*d*T*F*6*p*G*R*8*","20190324140527","028","115",0,"~","111006100","111749528","2000800","01","01","~","~","20190324182359","9036053","20190324083807","0010827",1,0,0,16900
"x*t*H*0*V*+*j*4*q*o*B*P*a*m*w*s*W*H*E*h*a*Y*","20210819044443","086","120",1,"11110296","111000400","111711462","2000100","01","01","~","~","20210819115917","0010007","20210819110955","0011398",1,0,0,14001
"w*X*e*l*w*j*l*v*U*x*d*a*w*O*D*3*0*2*X*A*u*M*","~","008","115",0,"~","111004700","111742788","2000700","01","01","~","~","20190421211920","0234","20190421191957","0230",1,0,0,943
"9*p*B*4*g*2*p*y*n*Z*W*l*w*S*2*d*P*Z*w*H*B*Q*","20171204051236","075","201",0,"~","111001200","~","2001400","01","01","~","~","20171204155402","4704","20171204193240","0222",1,0,0,10200
"9*A*1*I*X*R*p*w*e*6*b*o*x*v*8*q*p*j*S*u*i*A*","~","027","201",0,"~","111504470","~","3101000","01","01","~","~","20201214215014","2725","20201214190406","0011837",1,0,0,2833
"Q*N*/*J*s*i*H*F*D*t*4*x*T*G*8*l*G*N*V*R*k*Q*","~","047","201",2,"11110957","111009040","111748282","2000600","01","01","~","~","20180409202715","0075150","20180409130045","4114",1,0,0,4400
"o*x*A*u*3*Q*B*Z*s*y*U*P*J*u*U*0*t*z*y*O*w*Q*","20190626113205","036","115",1,"~","211000000","~","2000900","01","01","~","~","20190626084607","8002423","20190626162936","0009704",1,0,0,1306
"Q*V*x*k*h*L*1*R*R*C*k*T*T*s*v*t*F*M*f*/*x*8*","20170905001424","091","201",0,"~","111002900","111749662","2000700","01","01","~","~","20170905151634","2549","20170905103657","9008417",1,0,0,7900
"u*q*E*O*W*M*O*E*L*x*d*B*S*E*i*z*g*t*m*j*O*Q*","20170923080748","085","201",0,"~","211000000","~","2001400","01","01","~","~","20170923141939","0211","20170923141642","0070896",1,0,0,785
"A*2*J*T*n*g*/*V*0*/*T*L*t*J*G*5*Z*I*f*j*k*4*","~","015","105",1,"~","111512871","111742123","3101000","01","01","~","~","20210912224823","8001510","20210912170321","2548",1,0,0,1489
"p*e*D*u*k*V*8*+*D*3*l*O*n*z*P*9*Q*C*P*k*K*M*","20171202193806","022","115",1,"11110056","111002100","111753327","2000100","01","01","~","~","20171202172014","0219","20171202083034","0009924",1,0,0,3059
"f*u*e*G*6*o*z*+*k*Q*2*T*h*H*V*v*Q*d*u*9*w*g*","20180605072411","015","201",0,"11110088","111008500","~","2000700","01","01","~","~","20180605051743","2643","20180605111623","0425",1,0,0,1936
"f*g*i*n*E*j*n*o*6*a*V*N*X*F*H*2*Q*4*6*n*h*s*","~","085","115",1,"~","211000000","111742545","3101001","01","01","~","~","20170226231239","0318","20170226164746","4114",1,0,0,6800
"U*x*3*Y*P*K*q*r*l*V*m*8*J*N*e*W*7*i*Y*2*B*I*","20210414201904","001","115",0,"~","212000000","111713248","2000200","01","01","~","~","20210414065250","0414","20210414195645","9001096",1,0,0,4380
"B*0*y*N*Y*8*m*Q*i*F*R*G*p*B*V*F*W*P*s*S*q*o*","20170828173441","075","203",1,"11110002","111004500","~","2000700","01","01","~","~","20170828185416","9013025","20170828132104","0234",1,0,0,1196
"V*z*a*G*a*s*b*F*g*M*W*T*Q*v*y*v*n*H*i*p*w*A*","20170203201611","070","201",0,"~","111007100","111713239","2000700","01","01","~","~","20170203130311","0228","20170203185927","0221",1,0,0,9200
"1*q*g*f*K*U*P*k*Q*6*P*6*K*M*q*j*M*C*7*c*U*w*","~","050","115",1,"~","211000000","111711528","2000100","01","01","~","~","20211010171942","0070707","20211010071438","0432",1,0,0,19600
"z*N*j*V*9*U*y*P*/*m*h*a*W*V*n*s*D*c*a*G*v*4*","20191219131305","044","203",1,"11110626","111007100","~","3101000","04","01","~","~","20191219113121","9010604","20191219144629","9004154",1,0,0,1235
"S*0*y*y*o*f*S*6*T*H*p*R*L*H*8*9*J*P*E*a*C*A*","~","022","120",0,"~","111009020","~","3101915","06","01","~","~","20180129125051","0015469","20180129220123","0215",1,0,0,2500
"U*o*K*f*e*u*S*B*3*h*W*e*V*Z*d*E*+*c*q*l*b*w*","20201014104803","094","115",1,"~","111002100","111706649","3101915","01","01","~","~","20201014102951","8502267","20201014120424","0075189",1,0,0,1647
"K*0*U*M*M*G*f*p*k*U*H*3*5*a*W*D*r*s*0*G*X*E*","~","024","105",0,"11110710","211000000","~","2000100","06","01","~","~","20190525125425","0074620","20190525105825","0311",1,0,0,1338
"v*s*w*L*x*v*1*5*Y*P*y*S*d*+*U*o*K*N*j*Y*f*k*","20210406055342","032","115",0,"41110087","111000500","~","2000900","01","01","~","~","20210406085543","4130","20210406181615","2547",1,0,0,844
"G*e*C*V*x*Z*q*A*q*6*3*l*K*j*0*b*l*9*n*F*R*4*","~","120","201",0,"11110945","111003500","111745002","3101000","01","01","~","~","20210213065940","9000099","20210213181211","0339",1,0,0,7000
"y*y*e*J*I*J*M*2*l*Q*V*e*u*3*L*D*d*9*W*X*W*g*","~","063","115",1,"~","211000000","111744926","2000600","01","01","~","~","20200426211906","2736","20200426184604","2815",1,0,0,1201
"U*n*S*Y*5*d*z*X*K*K*i*2*v*N*g*F*J*d*2*G*C*8*","~","195","201",0,"11110224","111008051","~","2000200","01","01","~","~","20200925201746","0007478","20200925165243","0008794",1,0,0,15000
"J*m*1*o*C*H*U*Y*n*Y*1*9*I*i*X*/*v*i*G*Y*7*U*","20210909221312","084","120",0,"~","211000000","111744467","2000700","01","01","~","~","20210909181522","8501005","20210909174346","8000732",1,0,0,1622
"q*1*Z*w*e*N*N*p*8*a*0*+*M*F*r*O*j*A*T*y*T*w*","20210515173001","057","201",0,"~","241200000","~","2000800","01","01","~","~","20210515220720","0318","20210515114407","0420",1,0,0,5103
"R*Z*B*M*k*a*9*9*4*3*d*8*e*m*j*3*G*D*w*n*8*c*","~","017","203",0,"11110014","111503970","111748241","2000800","01","01","~","~","20180704064203","2732","20180704124759","8501766",1,0,0,10100
"P*p*9*F*O*K*V*a*Y*R*U*U*D*f*l*4*J*j*w*Z*2*s*","~","001","105",0,"41110092","212000000","111709173","2000300","06","01","~","~","20191030155651","2623","20191030225010","2722",1,0,0,4400
"x*H*J*3*g*K*R*x*Y*e*B*=*","20171207131857","045","203",0,"~","111500977","~","2000600","01","01","~","~","20171207210324","2565","20171207203733","0008004",1,0,0,3908
"p*e*k*p*I*K*s*H*q*W*0*e*e*6*c*x*t*e*h*k*G*8*","~","016","115",1,"11110060","111003500","~","2000700","04","01","~","~","20180718122433","2742","20180718073343","9010513",1,0,0,3446
"m*6*H*g*t*j*S*U*U*s*X*v*2*d*M*I*k*U*r*1*w*4*","20211003201025","095","120",0,"11110913","111554691","111752109","2000600","06","01","~","~","20211003162411","0411","20211003045006","0224",1,0,0,1700
"6*k*X*6*o*z*2*/*T*h*Z*+*n*/*N*N*J*q*e*c*h*4*","20190503095230","072","203",2,"~","111003500","111707795","2000800","01","06","~","~","20190503063530","9000224","20190503192625","0316",1,0,0,1791
"S*f*c*G*2*8*b*M*T*F*L*x*/*J*d*5*I*A*U*i*B*A*","~","023","201",2,"11110267","111504870","111744696","2000700","01","01","~","~","20190713082216","0222","20190713075101","9013633",1,0,0,14900
"0*v*C*+*i*A*H*6*z*N*T*a*v*G*w*5*R*J*3*T*e*g*","~","048","205",0,"11110062","111008800","111745255","2000600","04","01","~","~","20201003182525","9034566","20201003070655","0236",1,0,0,21800
"e*S*N*y*N*J*D*K*h*m*9*4*s*r*5*C*0*H*h*M*r*0*","20170815045614","012","105",0,"~","111516370","111758731","2001400","01","01","~","~","20170815083041","9107213","20170815074147","0009687",1,0,0,7200
"O*t*W*R*+*q*p*g*n*a*O*y*c*2*9*y*L*r*6*f*1*o*","~","041","105",0,"41110053","212000000","~","2000700","01","01","~","~","20190124210702","0071622","20190124105437","2721",1,0,0,14000
"R*J*p*N*b*+*N*D*t*X*t*q*U*G*k*c*k*R*d*X*l*U*","~","190","201",0,"~","211000000","~","2000700","01","01","~","~","20190224152804","0009695","20190224230915","4115",1,0,0,3834
"t*J*p*+*4*Q*q*X*v*A*A*0*I*y*o*Z*P*T*L*z*z*M*","20210707175902","015","115",0,"11110904","211000000","111746828","3101000","01","01","~","~","20210707100050","0013189","20210707162014","0072581",1,0,0,8097
"K*t*1*+*F*/*Q*4*S*c*7*t*7*c*z*k*F*7*4*d*0*8*","20170403053001","099","115",0,"11110071","211000000","~","3101000","01","01","~","~","20170403153803","0228","20170403174231","9002889",1,0,0,830
"Z*Z*2*p*2*V*c*k*T*q*O*A*0*B*S*M*B*Y*t*e*w*A*","20201008163726","038","201",0,"11110646","211000000","111741877","2000800","01","01","~","~","20201008094848","2724","20201008095054","0212",1,0,0,1676
"E*n*n*l*B*z*X*d*6*s*2*2*j*G*N*Y*t*9*+*7*U*I*","20201221054632","039","201",0,"11110030","211000000","111712902","2000600","06","01","~","~","20201221101959","4706","20201221100451","9010076",1,0,0,2768
"u*q*w*s*8*8*T*e*e*l*F*B*s*U*O*a*T*J*L*X*q*M*","20180426131943","023","120",0,"11110050","111520190","111742369","2000700","01","01","~","~","20180426075035","8003174","20180426232155","4104",1,0,0,5100
"E*z*E*L*u*b*a*N*3*F*h*Q*J*Z*9*J*0*P*l*R*q*8*","~","087","201",1,"~","211000000","~","2000800","01","01","~","~","20200919192934","2527","20200919190854","2723",1,0,0,225
"Q*x*/*6*p*H*F*y*k*Y*I*a*Z*S*U*a*W*z*I*T*b*A*","~","005","201",0,"11110339","111004100","~","2000600","01","01","~","~","20190519090153","0010926","20190519175059","8501285",1,0,0,1876
"q*V*R*A*P*8*g*J*x*k*j*P*h*L*B*i*h*k*F*+*q*8*","20170322061016","179","120",0,"11110017","111009020","~","3101000","01","01","~","~","20170322170643","9011142","20170322103048","0232",1,0,0,6400
"3*P*W*S*i*/*i*3*v*m*x*l*J*i*5*F*C*6*I*f*1*c*","~","089","120",0,"11110881","111504072","~","2000800","06","01","~","~","20171204143126","0153","20171204173107","2542",1,0,0,5600
"d*e*z*E*5*V*m*T*c*C*X*p*a*D*d*5*r*f*L*/*D*U*","~","098","203",0,"~","111002900","~","3101000","01","01","~","~","20210816152157","2519","20210816071634","9034851",1,0,0,1700
"n*Q*2*X*Z*7*i*x*p*C*q*b*F*2*C*V*A*h*I*l*P*s*","20200929150737","041","120",1,"~","111008200","~","2000100","01","01","~","~","20200929182055","0212","20200929190617","2648",1,0,0,961
"F*8*3*0*K*1*G*r*I*Q*Q*Z*m*1*U*L*H*S*A*P*n*8*","~","089","115",1,"11110646","111504771","~","3101000","01","01","~","~","20180507090528","0072027","20180507135527","0075997",1,0,0,3390
"T*M*r*N*u*k*8*u*A*r*A*i*G*M*k*W*F*5*A*r*x*o*","~","018","201",0,"~","111501770","~","2000800","01","01","~","~","20170703160238","0414","20170703180702","0075139",1,0,0,3524
"y*+*Y*A*f*3*O*O*j*C*1*1*d*T*t*W*a*N*Y*Q*W*8*","20200723185604","002","120",0,"41110042","211000000","111746249","2000800","01","01","~","~","20200723075046","0075966","20200723170325","0220",1,0,0,4300
"l*t*P*L*H*H*q*C*S*e*o*2*r*e*J*i*B*j*k*m*c*8*","20180604162341","019","201",0,"~","111500180","~","2000600","01","01","~","~","20180604095107","0216","20180604095107","2748",1,0,0,16400
"I*y*k*j*X*u*N*Y*Y*5*s*y*X*E*K*8*U*m*M*5*u*4*","20180619145006","027","120",0,"~","111007100","~","2001400","06","06","~","~","20180619191453","9035285","20180619100835","0417",1,0,0,1279
"G*v*l*C*z*b*7*E*N*G*Y*t*n*t*S*d*J*1*G*G*D*8*","20201015163513","097","120",0,"11110241","211000000","111708986","2000100","01","01","~","~","20201015072502","0010503","20201015200827","0011409",1,0,0,0
"w*4*Z*K*e*B*T*l*u*U*7*k*D*1*m*J*+*Y*I*a*O*g*","20200226174402","069","201",0,"11110307","211000000","~","2000100","01","01","~","~","20200226115012","9002701","20200226073003","9012475",1,0,0,4609
"W*A*a*L*T*z*T*W*2*S*7*k*Q*Q*t*l*X*I*O*E*G*o*","20211016084606","020","201",1,"~","211000000","~","2000100","01","01","~","~","20211016195413","8001908","20211016155912","2747",1,0,0,1767
"+*R*R*l*I*I*0*o*o*q*e*1*q*U*4*/*h*K*J*v*y*U*","~","003","201",0,"11110418","211000000","111744329","3101000","01","01","~","~","20170720082029","0011799","20170720175026","2540",1,0,0,9800
"X*S*R*3*L*U*Z*8*J*c*A*L*8*O*1*7*p*o*u*9*S*g*","20181002163405","092","105",0,"~","111501770","~","2000100","01","01","~","~","20181002075138","8502406","20181002114630","0232",1,0,0,10515
"k*Y*y*Z*N*H*g*g*T*D*Z*J*f*5*7*X*d*P*I*p*r*k*","~","060","203",1,"11110269","211000000","~","2001400","01","06","~","~","20190415090230","2617","20190415080603","2549",1,0,0,1304
"G*t*w*W*L*q*n*X*A*2*s*T*Z*i*V*V*h*3*c*q*i*s*","20191221183009","060","201",0,"~","211000000","111706337","3101000","01","01","~","~","20191221185306","0073091","20191221082647","9012445",2,0,0,4161
"S*9*y*+*e*Z*/*r*g*K*S*t*e*b*1*p*J*n*t*S*q*4*","~","079","115",2,"~","111004500","111744337","3101000","01","01","~","~","20200125095527","0071124","20200125123345","0074852",1,0,0,3922
"k*8*a*i*z*O*g*E*O*k*u*F*C*c*F*y*K*5*X*u*K*w*","20170616090630","088","115",0,"11110270","111002000","111747876","3101000","01","01","~","~","20170616172838","0076432","20170616173649","0010822",1,0,0,24100
"8*P*W*k*H*7*H*1*u*/*r*u*x*v*E*o*5*n*a*l*9*A*","~","048","201",0,"11110516","111511670","~","2000800","07","06","~","~","20211011184507","8502030","20211011070649","2521",1,0,0,6290
"E*q*s*C*8*A*A*O*o*2*j*p*L*r*M*j*z*w*x*F*+*o*","20180903120459","028","203",0,"~","211000000","111745831","3101000","01","01","~","~","20180903163401","0011527","20180903154233","2719",1,0,0,10600
"h*E*1*G*B*E*3*Y*+*o*j*n*H*N*m*5*I*I*m*d*r*o*","~","072","120",0,"~","111510571","~","3101915","01","01","~","~","20180531082622","0151","20180531092124","9034542",1,0,0,5412
"v*q*3*i*7*D*1*O*d*5*h*I*q*6*s*+*b*/*B*U*K*4*","~","073","201",1,"~","111003200","111742584","3101000","01","01","~","~","20180610173212","8003083","20180610080030","2641",1,0,0,28300
"+*r*B*h*F*h*w*K*k*x*0*t*7*8*w*v*x*Y*k*O*r*s*","20200217131509","095","120",0,"~","211000000","~","3101001","01","01","~","~","20200217212022","0202","20200217093436","9011018",1,0,0,8900
"4*G*p*k*1*X*1*j*T*l*X*m*S*B*A*S*G*U*8*F*B*8*","~","062","120",0,"~","111004800","111708132","2001000","01","01","~","~","20200519123745","8001728","20200519095436","2734",1,0,0,11600
"q*S*S*U*A*4*A*T*J*b*a*x*2*I*t*a*+*Q*2*m*b*M*","~","018","120",0,"~","111005700","~","2001400","04","01","~","~","20191001072328","0417","20191001142932","8000297",1,0,0,10600
"k*I*U*a*n*U*c*v*t*r*J*w*8*r*x*f*7*f*P*t*0*U*","20210718065242","070","201",1,"11110144","211000000","~","2000100","01","01","~","~","20210718205204","9010159","20210718074723","~",1,0,0,5800
"H*2*o*4*m*h*c*Q*t*E*y*E*i*K*e*t*t*k*m*z*I*I*","20170105095508","019","105",1,"41110053","211000000","111746214","2000700","01","01","~","~","20170105111029","7000164","20170105141401","9000417",1,0,0,5200
"l*U*p*M*X*r*J*G*2*o*f*5*M*b*X*y*j*I*k*P*o*8*","~","026","203",0,"11110158","111008800","~","3104201","01","01","~","~","20210408070143","0075715","20210408115919","0071874",1,0,0,1603
"4*Q*U*D*P*t*x*V*d*Y*z*m*T*U*N*b*7*F*g*4*v*Y*","20190217065924","016","120",1,"~","111004200","111743889","2000300","01","01","~","~","20190217054926","2756","20190217082943","8502021",1,0,0,850
"n*s*W*V*j*Q*u*P*N*l*S*j*3*l*x*b*k*m*Q*9*I*M*","~","026","205",0,"11110035","111009060","111742407","2000600","01","01","~","~","20210719174203","9006482","20210719202956","2728",1,0,0,4000
"B*M*h*I*t*P*T*g*J*d*2*o*l*C*x*M*R*l*Z*d*t*E*","20210527063205","070","105",0,"~","111001001","111742183","3101000","01","01","~","~","20210527150657","0316","20210527193016","8501761",1,0,0,1481
"t*1*7*S*h*b*r*C*o*h*d*E*1*C*S*u*N*2*i*p*n*0*","~","001","205",1,"~","111007200","111743239","3101001","01","01","~","~","20181120112556","0072756","20181120121720","0071351",1,0,0,1932
"i*B*B*D*K*a*/*P*a*X*M*c*T*1*j*0*P*A*m*A*8*s*","20170129054520","017","203",0,"~","111003500","111745555","2001000","07","06","~","~","20170129082509","0332","20170129225820","0071220",1,0,0,11500
"N*L*5*N*D*d*Y*T*b*G*i*4*q*2*n*a*5*c*I*a*5*Q*","~","043","120",1,"~","111002900","111753333","3101916","01","01","~","~","20191108073348","2544","20191108213328","0171340",1,0,0,3377
"6*b*1*Z*/*K*j*+*A*M*4*M*D*8*3*A*R*4*U*g*a*8*","20200410074224","009","201",1,"11110312","211000000","111711859","2000200","01","01","~","~","20200410145946","0222","20200410134444","4125",1,0,0,1145
"h*n*+*t*S*w*y*x*A*a*g*p*p*R*V*5*S*9*X*6*Z*U*","20180722104209","010","201",0,"~","211000000","~","2000200","04","01","~","~","20180722200717","0074195","20180722155255","2757",1,0,0,12200
"9*L*g*b*Q*/*L*9*+*J*2*T*v*8*m*t*C*e*O*d*f*U*","20180415142140","095","105",0,"~","211000000","111706232","2000700","01","01","~","~","20180415150615","9105348","20180415083800","8003096",1,0,0,6027
"m*j*p*p*M*x*I*z*5*Z*r*C*2*C*Q*w*D*4*Y*r*6*Y*","20180926073002","080","201",1,"~","111003900","111748739","2000800","01","01","~","~","20180926201738","0221","20180926193118","2563",1,0,0,12522
"X*7*W*8*4*x*e*e*S*8*e*R*P*4*r*E*t*B*d*4*Y*0*","~","043","120",0,"11110538","111009000","111741381","2000100","01","01","~","~","20200615075151","8002144","20200615171915","9000367",1,0,0,3164
"6*U*C*N*s*+*Q*X*v*f*f*W*1*B*b*R*4*Y*Y*Z*9*Q*","~","010","120",0,"~","211000000","~","3101000","01","01","~","~","20190218085123","8003089","20190218163310","0331",1,0,0,2100
"Y*J*k*a*Q*6*k*a*X*e*I*w*O*T*r*/*k*/*D*I*j*g*","~","013","120",1,"11110664","111520020","~","2000600","01","01","~","~","20181202211017","2824","20181202081717","0227",1,0,0,7500
"y*2*B*W*A*E*n*E*J*2*Z*8*d*y*g*c*b*U*H*U*3*Y*","20210624180154","089","105",0,"~","211000000","~","3101001","04","01","~","~","20210624153455","2728","20210624192037","9008088",1,0,0,888
"s*N*w*U*p*p*3*6*r*2*3*c*f*6*o*K*8*S*9*e*Z*8*","20170115132302","024","120",1,"~","111500570","111753569","3104011","01","01","~","~","20170115084504","2519","20170115075010","8502133",1,0,0,14200
"Y*d*f*V*h*7*m*n*w*/*z*a*5*V*E*b*N*W*B*K*5*U*","20210107100807","004","120",0,"11410001","111002700","~","3104016","01","01","~","~","20210107074045","9001050","20210107183043","0060031",1,0,0,7900
"1*F*k*Z*F*x*6*j*A*5*c*q*x*Z*V*o*l*J*u*Z*F*4*","20170812051946","119","105",0,"~","111517670","111746227","3101000","01","01","~","~","20170812164125","0211","20170812074604","2758",1,0,0,11700
"o*Q*v*b*Y*O*C*B*g*A*u*m*Y*g*Z*m*w*y*l*h*S*0*","20171209074932","033","120",2,"11110251","211000000","~","3101000","07","01","~","~","20171209083652","0204","20171209095653","0224",1,0,0,968
"q*z*U*8*P*F*c*7*1*1*3*F*I*X*8*L*f*3*+*M*+*A*","20210515154045","083","203",0,"11110685","211000000","111741735","2001000","01","01","~","~","20210515192322","8002600","20210515203145","0341",1,0,0,8200
"y*N*h*C*7*E*D*7*b*y*E*o*7*8*O*c*a*S*9*q*j*A*","20181004203948","081","203",0,"11110671","111005400","111745288","2000800","01","04","~","~","20181004192259","0075079","20181004182934","2519",1,0,0,13000
"z*q*t*B*R*H*n*H*r*7*d*q*a*/*o*i*j*0*W*R*C*w*","20171222093050","018","201",0,"~","211000000","111709313","2000800","01","07","~","~","20171222182014","9012475","20171222192308","0072435",1,0,0,7035
"R*u*u*1*c*2*x*G*I*R*L*u*j*n*R*a*T*7*g*s*E*U*","20181214150109","182","201",0,"11110010","212000000","111749667","2000600","01","01","~","~","20181214151048","0323","20181214075302","0241",1,0,0,18200
"r*s*P*1*M*Z*H*J*f*W*K*X*6*7*O*8*p*L*a*Q*w*4*","~","022","105",1,"~","111004200","~","2000200","01","07","~","~","20170824075220","0216","20170824143926","2812",1,0,0,9000
"D*R*q*q*h*o*E*w*Y*X*t*B*2*k*n*q*P*p*R*J*f*o*","20170418091051","070","105",0,"11110279","111500130","111753653","2000600","01","01","~","~","20170418085255","2826","20170418223335","2559",1,0,0,2500
"X*E*p*Q*h*w*q*u*O*a*x*z*G*F*G*z*2*k*r*O*g*Q*","20191231121752","077","201",0,"11110621","111009010","111742282","2000100","01","01","~","~","20191231211908","2544","20191231110626","9000277",1,0,0,1154
"M*0*r*t*b*a*C*/*3*8*r*H*R*N*U*t*+*i*a*O*a*c*","20191017173706","086","201",0,"41110023","111002900","~","2000700","06","01","~","~","20191017115438","0315","20191017093907","0009684",1,0,0,13900
"O*8*B*a*5*h*8*T*2*o*O*i*r*Z*t*X*H*Z*F*N*6*Q*","20200724194116","037","120",0,"11110755","211000000","111713227","2000800","01","01","~","~","20200724140720","0009542","20200724175502","4119",1,0,0,3200
"w*E*t*4*E*0*z*7*o*3*L*l*U*5*w*N*N*2*K*k*S*Q*","20170908151851","151","203",1,"11110800","211000000","~","2000700","04","01","~","~","20170908191138","2722","20170908093134","0151",1,0,0,22400
"n*T*9*/*K*Y*v*4*1*H*m*v*Q*C*O*j*c*1*R*o*o*U*","~","085","115",0,"~","111004700","111753339","3101000","01","01","~","~","20200112082158","9004279","20200112074641","0248",1,0,0,2710
"C*0*8*u*K*3*s*w*9*i*h*0*I*J*l*0*W*t*a*s*+*g*","20170913054652","082","115",0,"11110401","111505073","111755212","2000700","01","01","~","~","20170913132459","2521","20170913185831","2519",1,0,0,10900
"w*s*5*c*b*1*/*h*O*h*a*Z*J*w*A*v*q*S*u*M*J*Q*","20191005123558","079","120",1,"~","212500000","111706818","2001000","01","01","~","~","20191005160703","2538","20191005131701","8003101",1,0,0,1200
"F*r*O*m*p*m*t*F*U*t*v*h*f*M*L*f*K*F*y*D*8*E*","~","016","201",0,"41110053","111004800","111708987","2000800","01","01","~","~","20200103060933","0060060","20200103095123","2540",1,0,0,11200
"2*H*F*l*Z*d*T*Z*w*L*3*1*F*y*Q*c*G*h*T*p*L*c*","~","052","120",1,"~","211000000","111706394","2000100","01","01","~","~","20180902160026","8002519","20180902133824","0074805",1,0,0,1463
"m*A*H*4*r*O*c*f*Y*2*M*a*s*C*9*L*F*n*j*n*t*0*","20200209165420","018","203",0,"~","211000000","~","3101000","01","01","~","~","20200209204358","0423","20200209181903","0228",1,0,0,4615
"c*V*1*j*w*5*n*B*/*+*o*m*+*T*o*0*Q*6*k*g*n*c*","~","083","115",1,"11110873","111009020","~","2000100","01","01","~","~","20210430195406","0204","20210430192827","4125",1,0,0,942
"v*w*P*5*v*U*M*f*T*q*e*t*R*l*6*h*a*w*Y*F*3*c*","20180808230501","067","120",0,"11110261","111501370","111749653","3101000","01","01","~","~","20180808142456","2622","20180808180255","~",1,0,0,945
"k*Z*F*L*v*C*B*f*V*i*B*Z*N*v*G*z*6*j*F*G*j*I*","~","178","203",0,"~","211000000","111756816","2000200","01","01","~","~","20201017082413","0009068","20201017064851","0221",1,0,0,4382
"j*F*x*9*H*I*3*R*E*P*L*P*S*w*T*C*c*y*E*k*z*E*","~","044","120",0,"11110015","211000000","111742779","3104201","01","01","~","~","20210208081113","9034407","20210208191041","9008470",1,0,0,4128
"D*K*0*r*+*Y*p*N*D*K*b*D*v*1*N*E*D*r*q*T*8*E*","20200906151117","028","115",0,"~","111007000","111745822","2001000","06","01","~","~","20200906211835","8502193","20200906184044","2750",1,0,0,19200
"M*F*A*9*Z*A*2*z*t*d*/*0*g*N*y*p*O*q*p*f*y*I*","20190405064317","009","115",0,"~","211000000","111744213","2000800","07","01","~","~","20190405092843","0219","20190405115809","9010541",1,0,0,7900
"e*p*K*O*F*k*c*q*u*9*h*s*Z*m*N*K*d*H*u*J*b*U*","20190222155019","002","115",0,"11110504","211000000","~","2000100","01","01","~","~","20190222194049","0409","20190222114334","0075129",1,0,0,2084
"f*k*O*v*4*E*U*y*z*m*v*t*R*I*7*N*3*j*b*C*e*w*","20201210075404","088","120",1,"11110039","111000600","111749524","3101001","01","01","~","~","20201210140633","0219","20201210201453","~",1,0,0,3100
"o*2*2*X*4*e*t*s*L*e*s*6*k*w*H*M*C*o*f*h*D*8*","20181124065003","075","115",0,"41110130","211000000","111743190","2000600","01","07","~","~","20181124161612","9009885","20181124174123","0420",1,0,0,1077
"8*m*k*v*J*c*H*P*H*N*J*q*5*u*v*r*s*A*4*r*V*M*","~","094","105",0,"11110249","211000000","111751234","3101000","01","01","~","~","20180903170038","2824","20180903192613","9001996",1,0,0,16000
"D*e*K*y*W*0*6*a*K*p*N*H*8*U*y*7*v*m*o*O*6*E*","~","075","115",2,"11110022","211000000","~","2000100","01","01","~","~","20200611201250","2729","20200611120800","0233",1,0,0,0
"G*3*7*j*T*Z*0*i*N*d*J*C*Q*m*P*u*6*e*l*Q*W*o*","20171126181646","089","201",0,"~","111007800","111751099","2000600","01","01","~","~","20171126151424","8002194","20171126113627","0213",1,0,0,11399
"R*F*7*A*p*g*a*V*t*u*P*D*e*B*z*U*B*S*S*4*X*o*","~","079","203",0,"~","211000000","111743822","2000700","06","01","~","~","20191208120410","9010408","20191208222325","9010027",1,0,0,11200
"x*b*S*L*t*2*T*B*1*m*v*M*9*h*L*p*A*Z*4*6*5*g*","20210529111704","028","201",0,"~","111007800","111744788","2001400","01","06","~","~","20210529180919","2750","20210529104316","0009544",1,0,0,21400
"T*Z*Z*j*x*5*/*Z*8*b*9*O*M*i*j*W*8*4*N*T*s*U*","20200125095837","083","203",0,"~","111000201","111708978","3101000","01","01","~","~","20200125122155","0072436","20200125134848","7000172",1,0,0,16495
"T*t*8*2*O*2*i*8*P*o*f*Y*H*V*c*h*v*a*4*n*q*U*","20201106065910","042","201",1,"~","111004200","111747908","2000200","01","01","~","~","20201106061829","8000652","20201106074239","0227",1,0,0,800
"T*c*F*n*1*g*p*p*m*8*+*u*z*d*+*m*y*F*o*C*L*0*","~","070","115",0,"11110044","111007100","~","2000700","01","04","~","~","20170117065450","9036626","20170117174245","8002595",1,0,0,11300
"p*m*/*x*8*o*6*N*P*X*h*H*l*X*e*l*+*T*R*V*x*M*","~","014","115",1,"~","211000000","~","2000800","01","01","~","~","20181124084241","0008475","20181124120905","0009300",1,0,0,3311
"e*v*W*u*5*A*n*W*l*o*6*T*0*l*q*e*4*J*w*g*C*g*","~","148","203",0,"11110599","111501970","111752009","3104000","01","01","~","~","20190511231128","2527","20190511083534","2737",1,0,0,2947
"s*B*A*A*T*+*I*4*j*Z*B*h*x*8*e*n*g*r*5*5*W*A*","20180619105400","196","120",1,"~","211000000","111755420","2001000","01","01","~","~","20180619102939","0240","20180619200001","2527",1,0,0,6710
"U*G*U*m*U*W*8*u*u*B*l*D*G*y*w*G*7*Z*i*v*6*E*","~","089","105",1,"~","211000000","~","2000100","01","01","~","~","20200618125430","0010162","20200618230450","2529",1,0,0,1781
"9*q*Y*g*I*1*7*o*b*E*j*m*V*b*R*9*F*H*V*x*v*c*","~","149","105",0,"11110953","211000000","111745535","2000700","06","06","~","~","20210629111639","8501665","20210629161246","9000418",1,0,0,0
"y*r*v*Q*q*h*+*I*A*C*W*m*F*w*a*4*x*e*F*E*m*I*","20190205133103","024","201",0,"11110028","211000000","~","2000800","01","01","~","~","20190205090558","9034200","20190205153522","9015418",1,0,0,660
"9*M*A*1*T*t*k*X*g*H*Z*v*2*L*4*a*3*5*h*t*c*Y*","20210126141757","011","201",0,"~","111514270","111747120","2001000","01","01","~","~","20210126152721","9033693","20210126153840","0072034",1,0,0,2700
"m*e*S*l*d*x*P*i*W*a*8*1*O*T*8*S*s*Z*W*e*c*c*","20191001061101","027","105",0,"41110058","211000000","~","2000600","01","01","~","~","20191001124754","9010948","20191001094009","0326",1,0,0,19400
"H*Y*K*W*J*1*w*J*H*c*n*y*P*C*k*6*1*1*V*p*H*E*","20181126141204","016","115",1,"~","111001200","111711497","2000200","01","01","~","~","20181126093715","0153","20181126185853","9009059",1,0,0,18700
"T*d*C*Z*p*M*d*U*p*l*d*Q*l*A*G*P*C*p*+*z*h*k*","20200923071943","027","115",0,"~","211000000","111751257","2000100","01","01","~","~","20200923180751","9000241","20200923191510","0079113",1,0,0,0
"l*l*3*u*F*k*5*m*a*p*P*Y*5*L*k*4*O*/*d*w*G*k*","~","024","105",0,"~","211000000","111711208","2000800","01","01","~","~","20180429170550","9014376","20180429223813","2527",1,0,0,3996
"R*E*W*9*I*5*Q*1*d*T*Q*j*x*c*c*+*O*e*2*A*Y*E*","20170413000341","089","201",0,"11110065","111008800","111741606","3101915","04","01","~","~","20170413123420","0076859","20170413171620","0222",1,0,0,1546
"X*D*o*f*c*f*W*B*N*0*A*L*q*/*b*h*q*D*3*N*5*A*","20190620062142","040","115",0,"11410002","211000000","111707005","3101915","04","01","~","~","20190620193842","0010128","20190620110511","0248",1,0,0,2478
"Q*0*D*S*g*a*r*i*j*j*u*7*T*N*Z*b*Y*0*d*h*4*o*","20200403152416","070","115",0,"~","111504071","111747342","2000800","01","01","~","~","20200403191149","0009423","20200403082433","0009056",1,0,0,2438
"i*6*W*X*L*+*w*S*o*A*8*V*I*S*l*7*U*Q*S*Z*G*8*","20170421111900","029","120",0,"11110256","241200000","~","2000100","01","06","~","~","20170421152417","0075200","20170421090048","0417",1,0,0,8700
"N*f*k*X*N*F*S*5*P*X*T*A*0*L*o*x*P*t*L*4*j*E*","20190915092002","151","105",2,"~","211000000","111752639","3104016","01","01","~","~","20190915081706","0226","20190915171533","8003170",1,0,0,600
"K*W*1*D*d*4*a*w*t*e*5*S*9*2*x*s*q*3*2*H*n*Q*","~","073","115",0,"11110116","111001500","~","2001000","01","01","~","~","20201002102333","9014323","20201002142135","0226",1,0,0,2098
"F*g*J*H*l*s*m*T*P*j*a*U*T*I*H*X*r*4*w*p*h*0*","~","025","201",0,"11110169","111002700","~","2000100","01","01","~","~","20180701154154","0215","20180701170949","9003492",1,0,0,11400
"i*8*w*T*h*R*O*N*f*W*d*Z*d*A*J*h*r*v*B*f*8*4*","20200123153643","052","105",0,"~","111005103","~","3101000","01","01","~","~","20200123201844","0234","20200123181011","8003186",1,0,0,4372
"K*m*m*b*m*y*m*T*L*8*S*G*E*G*O*v*B*a*4*Q*R*0*","20180219193936","101","201",1,"~","111002400","111755320","2000800","01","01","~","~","20180219142851","0007886","20180219223645","0009531",1,0,0,673
"6*c*l*T*t*Q*2*g*P*Z*T*f*m*6*y*Z*W*b*K*c*N*0*","20191011160150","072","201",1,"~","111000800","111711274","2000700","01","01","~","~","20191011180348","2549","20191011083706","9011793",1,0,0,8400
"t*1*x*e*n*J*4*0*F*M*7*C*v*F*/*J*7*i*b*r*k*E*","20170626085508","056","115",0,"~","111009040","111746269","3101000","01","01","~","~","20170626071822","0072855","20170626145750","0158",1,0,0,25400
"t*v*G*g*w*+*u*Y*9*s*K*D*H*j*3*l*z*q*Y*o*+*w*","20201024165826","053","115",0,"11110418","211000000","111742949","2001400","01","01","~","~","20201024215618","9005740","20201024173859","8001612",1,0,0,1848
"i*m*B*a*a*8*Q*I*c*z*5*C*9*Q*L*u*/*E*6*A*6*s*","20190729154407","086","201",0,"11110016","111004000","111746515","3104012","02","01","~","~","20190729150152","2523","20190729152914","9204375",1,0,0,22100
"Q*Y*N*6*u*4*N*z*Q*B*/*S*F*0*G*P*Q*u*z*z*q*k*","~","188","105",0,"41110033","111007100","~","2000700","07","01","~","~","20180713184252","0234","20180713191135","2544",1,0,0,1315
"F*+*J*n*I*T*T*Q*5*r*j*E*u*G*f*4*R*Q*p*W*X*k*","~","087","105",0,"11110393","111006400","111709149","2000700","01","01","~","~","20181024165604","2555","20181024064125","9004247",1,0,0,1308
"k*U*P*P*d*a*W*M*9*e*q*D*Q*4*B*Z*c*w*o*T*U*8*","~","009","203",0,"~","211000000","~","2000800","01","01","~","~","20201212142104","8000226","20201212220324","2748",1,0,0,0
"x*8*Z*b*s*L*4*1*B*P*c*X*k*+*c*Z*A*2*c*Z*F*8*","~","081","115",0,"~","111009091","111746271","3101000","01","01","~","~","20210115192532","9011623","20210115183742","2722",1,0,0,9600
"A*8*V*r*O*d*l*4*B*m*e*C*6*b*g*7*f*J*S*v*g*E*","20180416133709","066","105",0,"11110014","111007100","111711461","3101000","01","01","~","~","20180416161915","8001638","20180416195934","0314",1,0,0,9100
"Z*R*D*5*z*y*N*P*+*K*n*T*/*T*m*2*o*e*q*l*v*g*","~","158","120",0,"~","111007800","111745711","3101001","01","01","~","~","20200704161345","8300553","20200704082425","0073885",1,0,0,2841
"J*H*o*S*W*Y*o*2*S*M*f*+*Y*z*o*k*V*N*R*s*r*A*","20180716070224","079","105",0,"~","211000000","111755224","3101000","01","01","~","~","20180716170223","2717","20180716062501","2519",1,0,0,7900
"H*9*a*r*N*l*+*k*P*w*B*0*j*9*j*f*Q*7*Y*P*f*U*","20201102165910","052","203",0,"11110530","111510571","111743211","2000100","01","04","~","~","20201102184738","0429","20201102142427","9010788",1,0,0,203
"b*k*L*1*f*3*3*k*i*H*2*G*w*q*l*4*x*/*j*m*e*M*","20180725113258","066","201",0,"~","111002900","111706389","3101000","01","01","~","~","20180725185004","9004030","20180725143129","0074754",1,0,0,24900
"/*m*Q*o*0*7*9*H*P*X*d*8*S*W*W*N*t*L*O*l*e*o*","20190621114710","072","120",0,"~","111006500","~","2001400","01","01","~","~","20190621190522","8002605","20190621135009","2749",1,0,0,3745
"A*d*3*+*E*/*/*s*M*i*p*F*V*u*v*y*F*/*l*I*d*8*","20190513113706","064","105",0,"11110379","111009020","~","3101000","01","01","~","~","20190513081720","8003178","20190513184537","0009380",1,0,0,822
"V*i*8*X*3*V*9*U*/*i*Z*t*t*e*S*1*O*w*Y*w*X*k*","~","082","120",0,"11110265","111004500","~","2000800","06","01","~","~","20200518190050","0060031","20200518084233","2625",1,0,0,1799
"v*1*z*m*Y*O*a*J*N*Y*Y*k*F*6*1*B*D*u*6*d*A*w*","20210602094746","070","115",0,"11110337","211000000","~","2000800","01","01","~","~","20210602191708","0420","20210602162701","9032622",1,0,0,6000
"h*k*H*t*H*a*t*J*k*i*y*f*I*3*D*a*W*g*a*V*y*w*","~","051","201",0,"~","111554691","111711422","3101000","01","01","~","~","20200520181044","0009559","20200520145034","0230",1,0,0,10200
"k*0*2*C*q*R*c*I*T*r*n*D*l*Z*L*P*N*G*5*k*q*k*","~","034","105",1,"11110044","111505076","111752601","2000100","01","01","~","~","20201007164053","2741","20201007124714","9009628",1,0,0,5200
"i*6*8*R*s*s*M*L*R*O*J*Q*b*4*t*5*t*6*6*U*d*U*","~","007","203",0,"~","211000000","111709552","3101000","04","01","~","~","20211031144354","9011623","20211031080121","9000637",1,0,0,8534
"i*P*h*j*+*W*O*N*d*U*L*+*H*a*l*I*1*Z*9*r*q*s*","~","030","120",1,"11110226","111004200","~","2000100","06","01","~","~","20200514142947","0234","20200514135826","0009692",1,0,0,10200
"U*q*2*O*8*U*t*h*x*u*j*p*2*q*2*E*p*v*2*0*F*8*","~","057","115",1,"11110270","211000000","~","2000800","06","01","~","~","20191024075030","0414","20191024162237","9005019",1,0,0,2800
"E*P*X*v*y*V*7*I*r*9*Q*/*7*j*i*M*f*i*s*H*S*g*","~","097","201",0,"11110028","211000000","~","2000100","01","06","~","~","20200111201053","9005396","20200111073600","2527",1,0,0,921
"v*T*J*G*k*4*X*E*f*l*T*U*W*z*x*K*e*o*y*h*m*Y*","20180407155225","088","115",0,"~","211000000","~","3101000","01","01","~","~","20180407073303","2721","20180407064157","8501634",1,0,0,2062
"v*B*8*I*1*5*T*8*Z*E*d*b*I*t*c*S*E*D*E*k*q*k*","20210530142914","047","120",0,"11110757","211000000","111742135","2000800","01","01","~","~","20210530151523","0074917","20210530180843","2627",2,0,0,21700
"B*i*n*l*J*T*Z*K*J*G*q*F*l*b*2*4*k*q*K*Q*A*k*","20200605042904","050","120",1,"11110068","111007400","111742217","3104012","01","01","~","~","20200605143002","9009033","20200605073647","2614",1,0,0,1122
"w*l*Z*6*q*U*V*D*2*n*/*=*","20210423063519","129","115",0,"~","111005700","111752007","2000100","01","01","~","~","20210423093906","8002668","20210423072457","0230",1,0,0,12700
"V*U*d*9*Y*a*f*b*a*F*4*b*f*o*i*7*9*k*v*z*s*M*","20190925100440","065","120",1,"11110270","111004800","~","2000100","01","01","~","~","20190925140114","9006427","20190925161455","2517",1,0,0,0
"0*G*1*6*9*3*R*i*W*8*7*h*4*i*7*m*/*6*+*r*S*8*","20180925063419","099","120",0,"~","111007200","~","2000800","01","01","~","~","20180925063103","0011493","20180925100703","0010110",1,0,0,1552
"N*S*0*S*b*e*y*c*R*5*C*r*u*t*t*e*Z*m*r*K*A*w*","20210927105932","044","115",0,"11110224","211000000","111706659","2000100","01","01","~","~","20210927205142","0072529","20210927112455","0226",1,0,0,900
"0*8*f*b*S*O*a*x*G*4*/*Q*x*N*u*+*7*R*6*7*x*I*","~","089","115",0,"11110655","111006400","111709069","3101000","01","01","~","~","20170928061441","9000235","20170928084046","9008152",1,0,0,3180
"6*h*B*v*E*9*n*q*T*t*D*f*p*E*B*V*i*v*t*x*Z*w*","20191209161102","085","201",1,"~","211000000","111745311","2000100","01","01","~","~","20191209184625","8501491","20191209122327","9036974",1,0,0,1800
"Y*g*B*T*X*h*s*z*N*X*/*B*x*1*E*8*9*8*q*x*h*o*","~","084","201",0,"~","111513070","~","3101000","01","01","~","~","20170417094702","2524","20170417115451","0226",1,0,0,3952
"T*c*V*z*/*2*6*g*t*C*m*J*S*7*2*Q*K*C*8*N*B*Y*","~","001","115",1,"11110632","212000000","~","3101000","01","01","~","~","20190526155508","2623","20190526193634","0234",1,0,0,2742
"H*B*r*2*+*z*f*A*r*B*V*j*G*o*S*Q*q*0*A*Q*Q*w*","~","067","115",0,"~","211000000","111749716","3101000","01","06","~","~","20180821202832","9034305","20180821142043","0071439",1,0,0,2488
"h*V*z*k*x*Y*h*j*r*j*M*l*g*7*G*6*K*O*B*+*O*E*","20171211121754","045","120",0,"41110053","111003500","111743228","2000100","01","01","~","~","20171211050327","0225","20171211121517","0230",1,0,0,2338
"4*b*7*K*V*M*b*W*k*9*y*I*Y*3*F*k*L*2*o*N*1*M*","20211018124024","018","105",0,"~","111002200","~","2000100","06","06","~","~","20211018072154","2547","20211018180936","0070976",1,0,0,1513
"W*K*B*F*8*s*g*x*E*Y*f*r*0*5*H*a*i*J*l*5*d*4*","20210906170251","108","115",0,"~","111512370","111755014","2000700","01","01","~","~","20210906213256","8002636","20210906145639","0009687",1,0,0,319
"X*T*q*T*+*5*A*V*E*X*/*2*G*9*i*Z*a*j*U*T*w*8*","20200926114501","071","205",2,"11110562","111002200","~","3101000","01","01","~","~","20200926091726","0232","20200926083407","0413",1,0,0,632
"0*U*c*f*B*2*+*6*H*v*/*U*l*G*T*o*Y*X*7*1*W*Q*","~","052","201",1,"11110735","111005400","111743035","3104011","01","01","~","~","20181010194155","0410","20181010083539","4123",1,0,0,863
"W*7*h*h*j*Q*0*N*V*E*u*n*q*j*Q*Y*O*u*B*Q*e*g*","20190525065001","091","115",0,"~","111501370","111753209","3101000","01","01","~","~","20190525092459","2744","20190525132745","0212",1,0,0,0
"h*X*b*8*J*3*M*j*x*D*6*g*l*7*m*o*/*P*H*R*T*I*","~","049","120",0,"~","111007000","111709622","2000800","01","06","~","~","20200722175023","0072411","20200722164731","0070688",1,0,0,12900
"J*6*u*a*l*f*7*t*N*E*M*c*2*a*/*U*M*8*a*F*C*0*","20190505135350","082","201",1,"~","111001100","111742711","2000900","02","01","~","~","20190505100340","9007449","20190505175912","9007912",1,0,0,4421
"l*l*t*k*B*d*q*x*/*r*j*V*O*C*6*K*i*2*y*0*L*4*","~","038","115",1,"11110942","111520190","111741234","2000100","04","01","~","~","20200209184319","2516","20200209212413","9007299",1,0,0,869
"N*/*g*E*e*m*n*0*m*d*g*A*/*t*9*c*0*v*v*L*Q*s*","~","037","203",3,"11110226","211000000","111745699","2000100","01","01","~","~","20190430193804","0013694","20190430033216","0009915",1,0,0,12600
"l*2*z*1*O*J*d*7*S*A*F*b*A*I*v*c*W*N*q*I*Q*Q*","20210804173829","014","105",0,"41110113","111004301","111708155","2001000","01","01","~","~","20210804072842","8501786","20210804081235","9614005",1,0,0,1180
"F*c*m*m*A*x*I*F*7*d*1*t*+*t*v*I*n*4*b*T*P*M*","20180905120948","007","201",0,"11110265","211000000","111753500","2000300","01","01","~","~","20180905083819","0426","20180905230322","0245",1,0,0,494
"T*i*t*C*W*Q*D*H*S*O*c*f*P*t*W*7*4*4*0*n*t*w*","20200313091703","090","115",0,"11110172","111004301","111708333","3101000","01","06","~","~","20200313180536","0008389","20200313103957","0070516",1,0,0,1597
"l*c*x*f*F*m*y*+*e*Y*A*Y*L*t*t*R*2*O*s*G*8*g*","20190621175339","051","120",0,"~","111000700","111743372","2000800","01","01","~","~","20190621102952","0072675","20190621161256","2730",1,0,0,3296
"h*M*J*g*f*l*b*1*5*b*e*o*V*f*z*9*0*C*c*D*N*4*","20190202220603","005","120",0,"11110296","111500770","~","3101000","04","01","~","~","20190202173539","8502221","20190202202534","4107",1,0,0,2900
"J*R*x*x*k*u*p*s*4*m*f*P*z*R*h*1*m*4*3*F*N*A*","~","194","120",0,"41110042","111000400","~","2000600","01","04","~","~","20210703123813","8502133","20210703052326","0224",1,0,0,1333
"p*P*u*m*Z*A*T*H*e*c*b*H*w*o*v*d*b*A*l*k*3*M*","20190515080951","051","201",0,"~","111004500","111747157","2000100","01","01","~","~","20190515220556","9036053","20190515162052","8501276",1,0,0,14600
"z*0*E*a*z*W*9*e*L*a*v*h*4*t*s*c*m*9*8*S*5*Y*","20180826135436","099","201",0,"11110006","211000000","111759306","2000200","01","01","~","~","20180826214935","9011401","20180826183001","8001011",1,0,0,8400
"4*f*R*a*v*N*I*T*1*a*D*k*m*c*M*S*u*4*g*u*q*Q*","~","042","121",0,"~","111001100","111746877","3101000","01","01","~","~","20210709222502","8502518","20210709185413","0075511",1,0,0,2539
"Y*2*I*f*Q*K*+*B*l*3*g*h*u*n*w*m*D*t*L*A*Z*w*","~","093","105",3,"11110007","212500000","111711895","2000200","01","01","~","~","20180809091135","9034968","20180809144722","0152",1,0,0,8247
"B*S*Y*Y*t*g*Y*j*S*M*T*8*E*8*G*Q*8*v*9*c*X*4*","~","017","203",0,"~","211000000","~","3101915","01","01","~","~","20180110075712","0230","20180110223522","0009635",1,0,0,971
"V*B*W*/*s*5*y*c*J*o*m*2*o*9*F*2*h*v*J*Z*a*E*","20200930183418","036","105",1,"~","111005400","111749572","2000100","01","01","~","~","20200930191453","0073125","20200930183032","9034223",1,0,0,1027
"r*Q*8*M*R*Y*7*D*S*r*h*P*i*L*q*C*2*c*b*A*A*s*","~","002","115",0,"11110058","111000600","~","3101000","01","01","~","~","20191023144608","8502272","20191023173805","0009950",1,0,0,3601
"E*D*6*n*V*s*+*Y*2*V*x*f*Z*W*/*5*a*o*1*T*i*k*","20200709121428","084","205",1,"11110139","211000000","111755133","2000800","01","04","~","~","20200709085609","4123","20200709064447","8001241",1,0,0,8700
"7*s*1*6*K*C*b*+*u*b*1*6*9*4*J*i*H*I*X*n*f*8*","20170112150311","022","201",0,"11110027","211000000","~","2000200","01","01","~","~","20170112202720","0010994","20170112183907","0234",1,0,0,7100
"D*z*e*e*v*O*s*B*B*N*X*k*r*P*9*I*n*6*Y*a*C*s*","~","014","115",1,"11110032","111005103","111707973","3101000","01","01","~","~","20201130191650","0218","20201130062510","2521",1,0,0,1000
"U*X*p*L*A*Y*J*t*d*L*1*d*K*Q*l*x*5*C*A*x*A*w*","20190401140843","091","203",0,"11110569","211000000","111747234","2001000","04","01","~","~","20190401110621","8000547","20190401182717","9008103",1,0,0,2742
"3*p*A*+*x*E*R*H*W*j*8*q*T*j*m*T*s*z*m*M*V*w*","20181205083028","067","205",3,"~","111002000","~","2000800","04","01","~","~","20181205125027","9031403","20181205074550","0072370",1,0,0,900
"K*h*x*M*R*E*q*M*2*k*w*G*L*v*L*z*A*R*E*C*Q*Q*","~","027","120",0,"11110115","111002900","~","2000800","01","01","~","~","20210624085052","0238","20210624164237","2512",1,0,0,1600
"c*8*Q*m*j*S*K*w*Q*Y*K*X*n*M*H*I*G*Y*P*g*c*Q*","20190618053147","063","115",0,"11110027","111004301","111744591","2000100","01","01","~","~","20190618062444","0071048","20190618115031","0331",1,0,0,8000
"P*x*m*K*1*7*k*m*C*N*a*S*e*n*S*b*+*X*P*8*a*Q*","20170519180214","063","201",0,"~","212000000","111747927","3104011","06","01","~","~","20170519085339","4132","20170519184312","9012321",1,0,0,3300
"F*l*D*c*m*G*+*U*h*o*6*E*q*F*3*S*J*n*L*/*S*4*","20210601094933","030","115",1,"~","111006700","~","3101915","01","06","~","~","20210601091429","2563","20210601071632","0079256",1,0,0,19300
"u*5*X*P*e*x*l*j*S*E*g*c*G*U*y*U*B*N*R*T*E*E*","~","131","205",0,"~","111002400","~","2000100","01","01","~","~","20200117170354","9013035","20200117191954","0326",1,0,0,3951
"7*9*i*e*r*c*+*g*F*Y*r*M*x*z*I*f*2*V*G*T*L*Y*","~","072","201",0,"~","111006600","~","3101000","01","01","~","~","20200920184428","2546","20200920081334","2566",1,0,0,4642
"T*e*H*Z*7*4*q*u*s*+*j*c*j*Y*9*y*K*3*4*z*k*c*","~","043","203",0,"~","111520001","111745980","2000100","01","01","~","~","20180222084544","9011079","20180222163355","0074913",1,0,0,834
"q*L*U*6*F*V*E*h*z*x*l*z*E*7*A*3*p*6*c*w*g*I*","~","001","120",0,"~","211000000","111759703","2000100","01","01","~","~","20180830172441","2747","20180830214640","0011050",1,0,0,13500
"b*A*1*L*o*6*L*Y*f*/*W*l*3*s*7*2*J*E*K*F*T*0*","20171012103651","061","120",0,"~","211000000","111753353","3101000","01","01","~","~","20171012170700","2748","20171012073752","0073908",1,0,0,6334
"x*l*1*K*t*8*i*T*D*7*t*5*k*w*u*R*P*z*E*b*A*M*","20180323090538","042","203",0,"~","111009030","~","2001000","01","06","~","~","20180323192532","2639","20180323222912","0214",1,0,0,8504
"e*B*S*r*H*m*n*9*U*3*o*B*+*P*6*l*8*g*K*8*0*o*","20170220154257","066","203",0,"11110408","211000000","~","3101000","01","01","~","~","20170220130637","0070034","20170220222654","9008909",1,0,0,3723
"O*8*P*H*T*u*z*W*1*r*y*P*M*J*l*M*e*D*W*E*e*I*","20180112061844","131","203",0,"11110714","111004500","~","3104012","01","01","~","~","20180112120834","0424","20180112101402","2611",1,0,0,3245
"G*l*R*C*e*s*e*S*E*U*f*J*s*F*q*B*4*4*g*j*u*s*","~","028","120",0,"~","111004500","111712513","2000800","01","07","~","~","20180130162922","9036732","20180130082940","0074767",1,0,0,4400
"J*i*5*j*1*R*8*E*5*W*G*p*e*x*+*G*w*1*Y*p*L*E*","~","090","115",0,"~","111009030","~","3104201","01","01","~","~","20170326102420","0008188","20170326200824","2523",1,0,0,1548
"X*6*K*e*1*9*u*j*w*w*E*z*X*Z*v*P*t*E*c*/*+*M*","~","025","120",0,"11110588","111000700","~","3101916","01","01","~","~","20190228161343","0228","20190228085414","2760",1,0,0,3500
"6*4*4*a*A*3*e*V*W*j*D*n*l*8*X*W*N*N*6*q*O*g*","20170307060950","064","105",1,"~","111002900","111742296","3101000","01","01","~","~","20170307184240","0071047","20170307060453","0074620",1,0,0,9214
"3*g*w*G*6*r*g*E*Z*3*H*N*4*y*0*X*4*I*a*L*Q*U*","20171205092517","087","203",0,"11110410","111000700","~","3101000","01","01","~","~","20171205171615","0014829","20171205140904","2527",1,0,0,1701
"w*s*r*O*O*D*3*d*V*b*E*N*m*b*J*B*U*R*t*M*f*8*","~","072","115",1,"11110011","111002400","~","2000700","06","01","~","~","20170511121138","8002273","20170511082842","2813",1,0,0,11000
"Y*s*/*S*a*5*x*L*6*a*T*M*6*Y*8*P*n*B*S*J*L*Y*","~","096","115",0,"~","211000000","111742208","2000800","01","01","~","~","20191011221158","0235","20191011162247","8501760",1,0,0,15200
"O*g*9*n*s*U*O*k*D*2*b*V*P*D*u*a*j*B*2*D*Y*w*","20200112064157","019","115",0,"~","111001400","111741272","2000700","01","01","~","~","20200112161618","9009937","20200112161618","9014465",1,0,0,566
"u*d*l*v*5*5*Q*m*8*1*L*M*A*n*b*S*5*l*T*W*n*A*","~","087","105",0,"~","111000600","111705913","2000600","01","01","~","~","20170613083416","9002133","20170613212731","9004385",1,0,0,2081
"T*N*P*1*W*g*Y*t*8*q*L*f*I*e*O*D*v*E*D*l*P*g*","~","024","120",0,"11110696","211000000","111744264","2000100","01","01","~","~","20210410162031","4127","20210410141920","0312",1,0,0,4544
"o*8*y*q*G*F*m*j*k*7*j*6*S*v*G*R*N*Y*Y*5*X*k*","~","002","115",0,"41110016","212000000","~","3101000","01","01","~","~","20181015084233","0011478","20181015160115","2641",1,0,0,923
"J*I*5*2*M*S*I*j*Q*r*I*F*I*v*e*T*z*P*Z*4*9*I*","~","009","115",2,"11110214","111002400","~","3101000","06","01","~","~","20180913132814","0008964","20180913083835","2724",1,0,0,4819
"m*I*G*6*8*H*3*x*X*O*o*7*f*i*1*K*r*V*p*H*I*A*","~","024","201",1,"41110092","111001100","111711459","2001000","06","01","~","~","20201125203442","0414","20201125211316","0227",1,0,0,1125
"x*7*f*p*F*J*A*1*u*W*r*/*c*g*s*g*S*h*d*p*c*Y*","20200312044409","182","201",0,"11110901","111000500","111752010","2000100","02","01","~","~","20200312073427","2522","20200312083533","2744",1,0,0,4708
"B*t*b*x*4*o*X*O*M*H*k*7*x*N*5*8*q*b*Q*v*1*M*","~","060","203",1,"~","111009091","111712512","2000900","01","01","~","~","20190809212832","0010781","20190809220709","0226",1,0,0,17500
"n*s*s*A*z*w*5*1*m*v*P*t*U*7*p*e*6*W*2*2*B*Y*","~","073","120",0,"11110386","211000000","~","2000700","01","01","~","~","20190706064852","2521","20190706194305","9013221",1,0,0,6900
"H*d*w*V*b*q*b*H*a*0*L*p*s*C*g*n*s*z*E*z*Q*g*","~","137","120",1,"~","111002900","111743047","2000900","06","01","~","~","20200313123051","9036640","20200313081159","9008577",1,0,0,2824
"0*g*B*b*C*6*x*n*g*7*t*G*D*M*T*y*C*x*w*5*0*k*","20191201173703","014","203",1,"~","111501770","111751306","3101915","06","01","~","~","20191201170610","2616","20191201140532","0013730",1,0,0,235
"5*v*c*4*0*o*k*n*q*Y*m*d*q*R*O*F*y*x*E*j*Z*E*","20181128073954","029","203",1,"11110266","111006200","111706427","2000700","06","01","~","~","20181128154227","0232","20181128063623","0073687",1,0,0,4800
"X*U*p*t*p*R*N*d*b*f*t*9*h*F*z*I*m*N*g*g*p*Y*","20210625061843","004","203",1,"11110369","211000000","~","2001000","01","01","~","~","20210625074237","0154","20210625075027","0429",1,0,0,485
"1*U*Z*8*d*s*N*s*M*c*T*j*O*j*e*t*3*0*h*i*f*M*","~","168","201",0,"~","211000000","111707128","2000800","01","01","~","~","20211014061401","7000025","20211014150720","0211",1,0,0,3963
"B*u*l*e*A*M*e*Y*l*w*a*O*X*b*G*O*t*x*z*K*2*c*","~","050","201",0,"11110010","111005700","~","2000100","01","01","~","~","20180108122832","4133","20180108112611","0011709",1,0,0,3414
"l*Y*B*3*4*c*R*i*6*z*S*H*S*0*/*7*w*N*5*w*E*k*","~","073","201",0,"11110383","241200000","111709290","2000100","01","01","~","~","20170308185750","0007917","20170308074550","0011418",1,0,0,4129
"W*Q*k*h*Z*f*D*K*7*F*a*X*u*+*b*t*/*F*V*s*U*I*","20201217191406","025","205",1,"~","111007100","~","2000200","01","06","~","~","20201217203056","9000173","20201217210519","0416",1,0,0,6000
"j*S*W*5*e*k*x*v*Y*M*A*n*d*M*O*u*G*e*W*S*j*U*","20201013090039","077","115",1,"11110714","111002700","111741888","2001400","01","06","~","~","20201013150104","8000671","20201013133323","2713",1,0,0,4000
"K*C*x*f*5*m*j*J*/*W*z*S*6*v*q*y*Z*R*s*d*y*w*","20201130165555","098","115",0,"~","111006100","111711535","2000100","01","01","~","~","20201130145112","0007557","20201130094131","9034320",1,0,0,4924
"y*R*G*u*E*p*H*q*L*Y*B*V*8*n*6*Q*w*b*D*R*s*A*","~","022","201",0,"11110980","111007400","111748556","2000900","01","01","~","~","20210603115904","2520","20210603172602","0423",1,0,0,6386
"/*v*e*K*7*t*h*6*u*z*T*Y*m*z*g*A*X*6*x*3*Y*M*","20171023114141","025","203",0,"~","211000000","111747040","3101000","01","01","~","~","20171023225508","2626","20171023093344","2719",1,0,0,8364
"b*O*+*0*J*T*s*D*g*S*h*g*m*0*a*c*r*c*u*3*L*o*","20181217191502","019","201",0,"~","111005700","111741323","3101000","01","04","~","~","20181217093352","0072154","20181217182528","0325",1,0,0,15500
"V*L*+*d*D*J*w*V*d*J*3*X*B*1*O*5*9*X*t*s*/*8*","20181104082751","072","203",0,"~","111004500","111745849","2001400","01","01","~","~","20181104155554","9001868","20181104232847","2526",1,0,0,7000
"b*1*p*6*a*Q*g*x*K*M*A*o*W*D*6*1*5*8*/*p*A*o*","~","067","201",1,"11110416","111002000","111742712","3101000","01","01","~","~","20180602135827","0210","20180602083615","0010430",1,0,0,1561
"7*e*R*6*j*V*g*1*7*h*Z*E*k*6*D*q*V*T*g*p*m*g*","20190830070521","073","120",0,"11110902","211000000","111712234","3101915","01","01","~","~","20190830175501","9034769","20190830230106","0413",1,0,0,2636
"b*q*X*p*a*0*a*8*U*b*t*e*z*1*T*o*I*6*r*a*t*g*","~","023","201",0,"91000033","211000000","~","2000900","01","01","~","~","20200212084805","8003064","20200212171322","8002122",1,0,0,9900
"7*g*T*v*n*U*w*A*N*G*b*C*A*a*J*R*p*Y*8*l*o*4*","~","051","115",1,"11110193","211000000","111746455","3101000","01","01","~","~","20180927184136","8501096","20180927092256","0011963",1,0,0,3888
"x*P*b*j*F*b*h*I*8*e*U*c*9*M*6*2*3*y*M*t*1*s*","20181110110400","092","201",0,"~","241200000","~","2000800","01","01","~","~","20181110192202","9002885","20181110141442","5050138",1,0,0,24700
"8*0*A*c*H*S*q*3*d*2*B*T*U*5*Q*d*I*E*f*4*m*M*","20201204054443","052","115",2,"~","211000000","111743345","2000100","01","06","~","~","20201204192027","0229","20201204090247","2533",1,0,0,1482
"v*L*l*H*m*0*9*D*C*g*C*6*W*B*t*X*4*T*K*m*f*k*","20190907062314","039","120",0,"41110053","211000000","111758902","2000100","07","01","~","~","20190907083728","0009476","20190907071140","0338",1,0,0,3058
"n*u*h*c*4*H*G*k*p*i*r*v*r*u*7*2*r*a*Z*/*I*A*","~","050","115",0,"11110060","211000000","111708997","2000800","01","01","~","~","20170726074153","0009751","20170726223857","2648",1,0,0,1238
"x*4*8*N*z*S*q*6*V*p*k*7*g*x*f*K*g*0*o*t*l*E*","20170303105906","012","201",0,"11110998","111504171","111711268","2000700","01","01","~","~","20170303084428","2813","20170303114333","9000173",1,0,0,4400
"C*o*e*0*4*H*N*5*1*K*8*j*k*H*z*N*A*q*1*4*2*c*","20180928191207","090","201",0,"~","111007200","~","2000800","01","01","~","~","20180928204255","0070756","20180928115023","8002606",1,0,0,4420
"o*D*1*c*x*B*G*g*D*Q*o*0*3*5*F*Q*k*H*T*5*v*E*","20210713074901","064","120",1,"11110001","211000000","~","2000800","04","01","~","~","20210713134943","9000988","20210713181309","2735",1,0,0,14200
"0*n*Y*+*U*1*V*a*r*O*h*r*l*V*T*7*M*c*1*M*k*A*","20181031153330","053","120",0,"11110755","111007500","~","2000900","01","01","~","~","20181031063155","0009406","20181031200325","8001413",1,0,0,24000
"N*x*6*U*U*P*v*C*h*i*5*S*I*3*/*n*e*z*F*V*s*M*","~","041","115",0,"~","211000000","111749997","2001400","01","01","~","~","20190927200928","9010991","20190927144843","2518",1,0,0,4000
"W*e*C*k*t*a*E*Y*i*C*m*Q*9*N*u*d*Z*F*q*Z*n*o*","20181206052933","094","120",1,"~","111516370","111755138","3104201","04","01","~","~","20181206160012","0311","20181206160012","8002321",1,0,0,2900
"R*o*n*b*0*v*6*V*z*y*0*1*c*d*x*M*B*w*x*R*n*8*","~","035","201",0,"11110290","111006600","~","2000100","01","01","~","~","20170608080451","0231","20170608145618","9000556",1,0,0,4209
"r*d*m*q*K*g*U*A*q*H*v*c*+*w*6*+*i*B*q*V*l*8*","20210412115917","164","120",0,"~","211000000","111746508","2000800","01","01","~","~","20210412123319","0070091","20210412082626","8002176",1,0,0,1648
"1*B*v*S*s*I*s*Z*L*X*G*S*P*a*C*z*v*v*b*A*f*Y*","~","025","115",0,"~","211000000","111748860","3101000","01","01","~","~","20170404130830","2714","20170404104011","0329",1,0,0,5800
"U*X*v*I*C*t*0*R*K*q*h*y*A*t*l*Z*/*O*h*x*Q*Y*","20201019182757","163","115",0,"11110262","212500000","~","3101916","01","01","~","~","20201019075316","0425","20201019193007","9000556",1,0,0,846
"v*B*C*9*M*u*L*d*X*+*I*C*A*P*2*n*U*N*q*6*0*8*","20201026195002","002","201",0,"~","111008800","111707781","2000100","04","01","~","~","20201026192518","2734","20201026182942","2748",1,0,0,599
"N*v*D*b*Y*g*F*u*+*V*I*U*t*V*f*1*9*+*/*y*3*A*","20170610211308","052","105",0,"~","211000000","~","3101000","04","01","~","~","20170610071331","9008967","20170610104843","2738",1,0,0,21400
"7*1*a*e*s*H*R*B*X*H*E*V*I*m*/*F*U*a*o*I*W*Q*","20171128212431","083","203",0,"11110999","211000000","111707018","2000100","01","01","~","~","20171128091337","5050176","20171128074238","9011148",1,0,0,661
"q*B*E*3*y*Y*z*4*m*c*+*P*Y*n*L*9*/*e*9*T*4*k*","~","021","201",0,"11110224","211000000","111745863","2000800","01","01","~","~","20210410121344","9009341","20210410203702","9000964",1,0,0,2156
"9*v*S*0*G*+*6*D*D*s*6*E*K*9*M*6*9*u*T*X*C*8*","20190622072852","047","203",0,"11110604","111004800","~","2000800","01","01","~","~","20190622081345","0416","20190622081345","9004384",1,0,0,11800
"G*p*D*y*B*D*p*a*U*s*9*T*i*c*d*S*8*h*9*e*H*o*","20190409102110","045","121",0,"~","211000000","~","3101000","01","06","~","~","20190409071451","4131","20190409083842","0414",1,0,0,11000
"P*+*c*o*A*L*K*q*3*F*A*g*e*l*w*y*9*P*p*H*J*s*","20190518120908","023","201",0,"11110375","111004500","~","3101915","04","01","~","~","20190518094931","8000261","20190518180834","9011006",1,0,0,9000
"S*0*i*Q*m*C*M*+*c*J*/*1*v*n*w*P*A*w*y*u*X*U*","20170529055701","054","201",0,"11110304","211000000","~","2000700","01","01","~","~","20170529132842","8003138","20170529191852","0007892",1,0,0,1504
"N*D*e*k*V*5*F*6*x*u*y*A*q*6*3*M*D*v*s*B*D*U*","20180824162102","022","120",0,"~","211000000","~","2000100","01","01","~","~","20180824175509","2522","20180824213956","0007769",1,0,0,13700
"g*3*n*/*5*3*F*F*h*R*u*0*G*Z*m*j*w*7*5*w*F*Y*","~","096","201",0,"~","111511671","~","2000700","01","01","~","~","20191004110040","9009871","20191004171819","9010521",1,0,0,992
"i*H*E*L*I*Q*R*y*+*k*C*V*U*H*r*y*0*5*r*k*G*o*","20190510150834","068","115",2,"~","211000000","111746123","2000800","01","01","~","~","20190510181921","4110","20190510115647","0219",1,0,0,1990
"V*K*3*O*s*o*B*p*f*K*7*z*F*j*J*v*b*F*A*R*X*g*","20190421131329","079","201",0,"11110063","111007000","111742879","2000900","01","01","~","~","20190421220623","2626","20190421163809","0216",1,0,0,2900
"z*t*e*c*q*A*x*2*Q*J*U*r*F*c*X*1*+*B*7*1*Z*Y*","20200117221041","086","115",0,"~","211000000","~","2001000","01","01","~","~","20200117105118","9034305","20200117090813","9035957",1,0,0,2275
"y*2*9*P*g*3*t*9*K*i*W*M*F*y*c*r*q*5*T*a*s*w*","~","190","120",0,"~","111000800","111744587","2000700","01","01","~","~","20190129104852","2756","20190129154917","0010756",1,0,0,13700
"m*7*Z*x*s*W*j*e*l*i*K*t*1*i*0*n*o*s*2*V*I*s*","~","004","120",1,"11110953","211000000","111706660","2000700","01","01","~","~","20210912074443","9004288","20210912151350","2619",1,0,0,2287
"X*P*U*j*l*F*8*0*X*a*E*7*P*3*f*j*f*E*6*H*/*s*","~","089","203",0,"~","211000000","~","2000100","01","01","~","~","20171001061119","0007622","20171001151430","0203",1,0,0,5800
"m*o*d*w*1*A*L*0*7*U*k*y*h*t*6*C*y*H*l*W*N*s*","20200413131350","039","203",1,"11110374","111003100","111709243","3104201","01","01","~","~","20200413075252","9005338","20200413132005","0235",1,0,0,3331
"K*0*V*A*h*c*e*N*S*l*c*P*X*M*Z*c*E*N*2*X*B*c*","~","002","203",1,"~","111004301","~","2000800","01","01","~","~","20180707183629","2637","20180707182136","9005739",1,0,0,3324
"W*q*o*S*K*4*O*R*U*Q*j*X*c*z*0*f*0*r*X*N*u*8*","~","021","201",0,"~","212000000","~","3101000","01","01","~","~","20190219151537","0010979","20190219184101","0073119",1,0,0,2747
"a*n*D*l*0*H*D*o*V*G*K*H*p*q*7*X*g*y*n*L*p*8*","20200619120337","082","203",0,"11110027","241200000","111743295","2000100","01","01","~","~","20200619200254","9001754","20200619085028","9010119",1,0,0,14800
"H*Q*Q*h*Y*+*J*T*O*m*s*y*s*o*h*B*m*r*f*W*s*k*","~","020","120",0,"11110912","111000700","~","2000200","01","01","~","~","20200913185501","9005517","20200913075626","9029011",1,0,0,638
"j*F*G*f*w*J*4*z*T*W*C*r*c*T*x*O*b*4*s*d*8*w*","20210517191513","034","115",0,"41110117","212000000","111705918","2000800","01","01","~","~","20210517080758","0011323","20210517080733","0150",1,0,0,13300
"e*+*n*k*M*D*A*p*B*0*k*7*t*q*R*j*M*u*J*q*I*s*","~","070","105",1,"~","211000000","111745391","2000800","01","01","~","~","20201114161618","0207","20201114101915","9010621",1,0,0,3616
"A*5*b*q*T*x*U*w*O*9*T*8*Z*D*B*7*n*Y*G*n*M*8*","20190304043825","011","201",0,"~","111007800","111743522","2000100","01","04","~","~","20190304150920","0231","20190304083803","2729",1,0,0,860
"q*8*M*f*c*f*h*6*C*3*4*y*8*Y*L*K*D*p*R*S*3*I*","~","027","201",1,"11110304","211000000","111706219","3101000","01","01","~","~","20191130102854","0201","20191130082642","8101918",1,0,0,447
"r*I*H*h*d*O*I*i*1*S*J*f*2*t*S*+*f*u*g*n*k*M*","20201023181724","041","201",0,"11110897","111006700","~","2000100","01","06","~","~","20201023162021","0075850","20201023205940","2724",1,0,0,7400
"J*O*J*6*9*r*4*b*X*f*w*e*1*i*F*S*b*9*h*w*c*I*","20190428144630","071","120",1,"11110265","111002000","111709576","3101000","01","01","~","~","20190428122552","9034941","20190428141814","8502219",1,0,0,14200
"l*m*f*R*G*J*p*e*F*U*1*Y*j*l*i*Q*B*x*z*G*u*o*","~","037","203",0,"~","111501771","~","2000800","01","01","~","~","20200817083025","9000530","20200817082755","9036974",1,0,0,2033
"j*k*v*V*F*c*R*W*G*Z*E*G*O*c*v*t*+*D*k*i*b*Y*","20171105073530","084","203",0,"11110179","111514270","111746317","2000800","01","01","~","~","20171105100956","9004541","20171105091933","2727",1,0,0,1666
"q*v*n*Y*U*I*L*J*Z*P*l*t*O*n*v*h*v*M*X*2*J*Q*","~","099","105",0,"41110059","111005103","~","2000800","06","01","~","~","20190807193425","2611","20190807230406","0011396",1,0,0,475
"+*+*O*u*l*i*h*G*O*o*I*2*2*j*L*f*7*x*9*d*U*4*","20171222080650","038","203",0,"11110072","111002600","111744051","3101915","01","01","~","~","20171222203552","9003718","20171222182707","0010670",1,0,0,7767
"D*f*g*Q*d*G*j*w*Z*c*4*4*V*9*R*2*/*1*0*b*o*0*","~","168","105",1,"11110208","111004301","111743951","2000600","01","01","~","~","20200918145457","9006329","20200918191956","0238",1,0,0,18800
"p*R*O*q*v*L*E*I*Z*D*e*d*A*N*F*Q*H*6*Z*U*B*o*","~","048","115",0,"~","111009071","111748790","2000100","06","01","~","~","20181025153254","0007684","20181025155429","9012715",1,0,0,3656
"E*3*2*K*w*f*U*v*Z*g*Z*u*i*E*W*K*b*i*6*T*M*w*","~","087","120",0,"~","211000000","~","2000100","01","01","~","~","20190402110649","2713","20190402223350","2620",1,0,0,7652
"r*A*Z*F*1*o*T*R*X*x*4*V*C*1*J*S*Q*l*y*D*O*M*","~","093","120",1,"~","211000000","111709541","2000100","01","06","~","~","20180902194501","8502222","20180902180422","2518",1,0,0,4798
"/*1*d*R*E*1*d*B*0*r*w*H*w*g*8*e*3*m*C*u*A*I*","~","007","203",0,"41110013","111004000","111744684","3101000","04","01","~","~","20201118093314","2550","20201118205628","0326",1,0,0,2889
"U*5*g*Y*2*n*o*a*c*Y*9*H*h*J*s*g*y*y*8*D*q*w*","20210908093659","071","205",0,"11110053","211000000","~","2000100","01","01","~","~","20210908104305","0071282","20210908080613","0070777",1,0,0,502
"T*6*w*k*L*j*A*H*y*c*a*h*l*7*o*7*y*Q*Z*M*d*8*","~","066","115",0,"~","111007000","111744382","2000100","04","06","~","~","20190904103313","0155","20190904093407","9000406",1,0,0,3200
"u*7*H*y*k*a*6*r*8*m*0*A*s*t*8*m*i*7*j*j*s*c*","~","090","120",1,"11110046","111002700","111748785","2000700","01","01","~","~","20210520073301","0072782","20210520160212","8000809",1,0,0,4799
"0*c*f*h*5*u*j*t*I*W*a*T*q*i*Q*E*b*f*D*z*V*U*","~","008","105",0,"~","111511771","111744085","2000100","01","01","~","~","20190412081257","0071053","20190412080124","0427",1,0,0,5200
"C*c*4*/*s*z*K*u*C*S*B*Z*G*N*G*Q*l*A*c*E*S*I*","~","050","105",0,"~","111520001","111746762","2000100","01","06","~","~","20200304125136","2717","20200304083554","9002678",1,0,0,3400
"8*w*N*8*s*G*m*W*T*v*9*n*9*O*I*4*T*c*9*Q*u*E*","20171116110603","085","203",0,"~","111002900","111742250","2000800","01","01","~","~","20171116180052","0072317","20171116102017","9007152",1,0,0,13600
"/*+*j*p*+*O*j*/*w*1*s*r*5*H*Z*q*W*s*b*G*c*o*","~","035","120",0,"11110912","111002900","~","3104201","01","01","~","~","20181017211703","0221","20181017183421","2641",1,0,0,15000
"9*5*Y*4*M*5*A*i*1*i*y*1*h*j*B*P*/*y*g*V*P*0*","20210904160932","043","203",0,"~","111501470","~","2000700","06","01","~","~","20210904192309","0074012","20210904141432","2639",1,0,0,726
"L*C*6*B*o*9*9*l*B*Q*q*7*D*d*Q*N*p*+*w*r*E*E*","~","144","115",0,"11110905","211000000","~","2000700","04","01","~","~","20201210100923","9009605","20201210103635","2733",1,0,0,500
"k*6*v*B*t*w*m*6*q*g*3*y*y*i*V*k*4*p*V*R*v*Q*","20180910051958","075","115",0,"41110005","211000000","111758773","3104201","01","01","~","~","20180910075758","9035942","20180910221332","8502232",1,0,0,10831
"Y*0*E*r*e*Q*z*B*A*O*C*o*0*J*3*D*M*W*l*L*7*0*","20191220072002","089","201",1,"~","212000000","111743385","2000100","01","01","~","~","20191220064823","9107113","20191220173223","9010936",1,0,0,7500
"2*h*1*c*s*e*R*e*k*M*X*c*g*+*K*5*D*O*E*O*j*s*","~","042","120",0,"11410001","111009010","111744144","2001000","01","06","~","~","20200306221653","0009681","20200306070053","9010587",1,0,0,1962
"E*9*i*3*P*R*P*C*b*D*g*F*l*7*S*m*q*+*/*w*7*s*","20191218122616","051","115",0,"11110802","211000000","111706731","2000800","01","01","~","~","20191218174156","0429","20191218102735","8103173",1,0,0,8000
"y*J*o*A*Q*o*F*A*B*Y*c*E*q*i*I*5*I*e*V*B*1*w*","20190615111815","080","105",2,"11110287","111505076","111755054","2000900","01","01","~","~","20190615163522","2534","20190615113607","8002242",1,0,0,2300
"0*8*3*d*S*7*4*l*5*A*l*C*B*3*X*5*M*W*O*j*y*Q*","20210730152202","041","201",0,"11110095","111502470","111706681","2000700","07","01","~","~","20210730094839","2560","20210730135639","0071190",1,0,0,11600
"N*d*x*A*q*z*b*C*r*G*3*I*Z*I*k*O*e*w*a*R*7*o*","20170517071942","089","120",1,"11110038","211000000","111746214","2000600","01","01","~","~","20170517090326","0313","20170517110756","0231",1,0,0,3421
"0*Q*k*Z*i*J*D*8*N*6*F*/*N*P*Q*z*c*0*1*F*q*4*","20190315084204","026","203",0,"11110907","212000000","111746935","2000700","01","02","~","~","20190315184701","0072502","20190315171635","0331",1,0,0,7700
"p*E*W*j*s*L*s*w*a*j*P*x*J*C*N*3*p*h*6*J*A*8*","~","094","201",1,"41110079","211000000","111707250","2000200","01","01","~","~","20180309082509","0072154","20180309212144","0311",2,0,0,6500
"J*6*j*i*a*Y*N*l*R*B*Y*d*v*6*n*i*F*H*g*u*+*Q*","20190303195833","069","120",1,"11110001","211000000","~","3101001","01","01","~","~","20190303182454","2753","20190303181125","0013611",1,0,0,2162
"j*9*1*L*U*k*Q*y*u*D*p*P*F*W*9*J*P*B*m*O*M*E*","~","071","203",0,"~","111505073","111748471","2000200","01","01","~","~","20180510091937","9003691","20180510074708","9110441",1,0,0,684
"c*j*E*Q*W*x*M*V*6*W*Z*9*h*m*t*K*L*h*r*3*f*I*","20181115172532","079","201",0,"11110065","211000000","111702794","2000600","02","01","~","~","20181115100802","0009326","20181115081625","0241",1,0,0,2011
"Z*S*z*j*v*f*7*X*l*6*V*R*P*4*w*T*1*o*V*7*r*4*","~","177","201",0,"~","111004500","~","2000800","01","01","~","~","20180222200759","9013501","20180222185349","2715",1,0,0,4988
"C*m*0*3*K*a*v*Q*K*S*N*d*9*M*X*c*y*o*n*x*N*A*","20171112164521","022","205",0,"11110169","111009020","111709236","3101001","01","04","~","~","20171112204122","2519","20171112091433","2527",1,0,0,3604
"2*x*U*h*3*9*c*H*d*4*F*7*B*y*w*r*g*8*G*K*c*I*","20170408085735","052","115",1,"11110856","211000000","~","2000800","01","01","~","~","20170408193115","0214","20170408182019","8000781",1,0,0,675
"0*k*4*b*t*a*A*j*i*X*j*D*I*L*4*o*Y*n*M*e*k*0*","20190208092716","184","201",0,"11110287","111000700","111751913","3101000","01","01","~","~","20190208060316","9036128","20190208062428","8001420",1,0,0,4162
"e*6*G*9*A*d*z*6*v*T*t*3*T*0*i*x*l*d*b*U*x*A*","20210408040002","006","203",0,"~","111003100","~","2000800","01","01","~","~","20210408220704","4109","20210408062858","0412",1,0,0,2938
"h*V*C*y*X*R*Q*S*3*D*F*U*k*g*X*2*Q*4*w*T*k*M*","~","083","115",0,"11110681","211000000","111742460","3101000","04","01","~","~","20170119232524","0009635","20170119082223","9000065",1,0,0,9800
"G*V*m*Y*I*D*P*4*6*j*1*A*1*a*d*P*e*e*M*r*c*Y*","20201025100510","022","201",0,"11110535","211000000","111745177","2000100","01","07","~","~","20201025200331","0213","20201025081828","2511",1,0,0,1406
"p*W*M*9*x*k*a*x*e*C*F*w*P*F*S*a*z*y*T*n*u*Y*","20210313195954","132","115",1,"11110020","212500000","~","3101000","01","01","~","~","20210313110535","0212","20210313065347","8502135",1,0,0,2732
"y*r*g*J*R*t*3*X*x*k*p*Y*8*o*y*R*G*x*8*D*G*I*","20201010075620","034","201",0,"~","111002000","~","2000700","07","01","~","~","20201010085653","0410","20201010165556","2733",1,0,0,4556
"j*J*x*y*l*u*N*b*n*H*D*9*/*p*N*e*A*k*u*0*t*0*","20210130052932","058","203",1,"11110014","211000000","~","2000600","01","01","~","~","20210130165242","2719","20210130202416","8502219",1,0,0,4800
"y*+*M*o*2*E*H*3*W*b*Y*q*k*i*U*v*5*G*J*5*a*Q*","20191114103548","056","120",2,"~","211000000","~","3101000","01","01","~","~","20191114160924","0237","20191114183123","8002342",1,0,0,0
"j*f*S*Y*Z*g*l*b*F*K*F*H*u*U*T*3*8*U*Z*j*Y*I*","20180503092114","056","105",0,"11110410","111008300","~","2000100","01","01","~","~","20180503181342","0209","20180503100201","9001925",1,0,0,0
"J*d*e*Y*S*H*c*r*v*1*/*G*f*1*g*b*V*I*c*a*I*A*","20200304112839","141","201",0,"~","111007500","111744489","2000700","01","01","~","~","20200304201059","2534","20200304174114","0333",1,0,0,3602
"N*+*0*K*j*m*q*V*+*J*N*+*u*s*R*v*f*U*k*D*8*g*","20190220110641","062","115",0,"11110211","111008200","~","2000800","01","01","~","~","20190220154521","9002715","20190220173309","2755",1,0,0,4016
"4*A*C*V*w*D*o*O*c*Q*A*z*p*E*I*w*Q*t*i*P*6*w*","20200419052236","029","201",1,"11410001","111007800","111749998","2000100","01","01","~","~","20200419085529","2638","20200419113804","9005781",1,0,0,8400
"E*x*6*0*C*1*t*2*E*+*B*D*L*h*o*7*6*b*H*t*d*c*","~","071","120",0,"~","211000000","~","2000100","01","01","~","~","20170830102725","9000697","20170830083117","0424",1,0,0,11367
"h*2*F*k*y*W*e*s*K*O*X*J*g*m*5*i*G*i*L*3*I*s*","20210131180309","053","201",0,"41110053","211000000","111741855","2000700","01","01","~","~","20210131201647","9002887","20210131084823","8000268",1,0,0,3594
"O*d*h*z*q*T*9*I*d*B*i*4*S*v*Z*k*/*O*j*X*Y*Y*","~","011","201",3,"~","111004500","~","2000100","01","01","~","~","20180112132518","0228","20180112182133","2545",1,0,0,0
"a*n*M*+*/*1*A*p*M*N*D*O*O*t*r*H*X*g*5*S*E*Q*","20190124071743","038","203",2,"11110077","211000000","~","3101000","01","01","~","~","20190124231241","9034566","20190124191504","2520",1,0,0,1937
"f*o*j*d*o*I*x*d*d*X*J*/*0*P*A*S*l*K*I*4*S*Q*","20200422092420","044","115",0,"11110706","211000000","111753625","2000800","01","01","~","~","20200422125730","9011531","20200422094750","0215",1,0,0,1219
"n*4*2*Z*G*m*f*Z*1*N*V*I*V*g*y*7*/*i*F*H*6*w*","20210418123428","033","201",0,"11110158","211000000","111741658","3103101","01","01","~","~","20210418210924","9034422","20210418162541","2727",1,0,0,2079
"V*g*z*a*N*p*8*C*B*v*h*3*t*M*Y*n*d*i*W*g*L*c*","~","128","115",1,"11110905","111005103","111706470","2000100","04","01","~","~","20210802104911","8001241","20210802115155","2730",1,0,0,5000
"k*V*d*Z*Q*v*P*Y*+*N*6*I*P*Z*+*3*D*D*g*X*U*0*","20170505074320","093","203",0,"11110015","211000000","~","3104012","01","01","~","~","20170505210805","0212","20170505093300","9003718",1,0,0,2070
"e*g*E*R*Z*w*e*H*A*B*r*g*J*y*W*B*B*D*B*d*0*8*","20200618054203","021","205",1,"~","111003900","111747229","2000100","06","01","~","~","20200618082729","9009684","20200618133150","9011051",1,0,0,1123
"s*G*8*6*C*R*x*P*c*G*H*H*y*U*r*1*E*Z*g*g*p*g*","~","026","203",0,"41110049","211000000","111755094","2000800","01","01","~","~","20170703191958","0232","20170703204958","0008952",1,0,0,3100
"m*Z*l*D*l*Y*C*j*k*P*m*c*P*V*M*y*J*Q*2*0*c*Y*","20180530121241","181","201",1,"41110007","111002400","111747025","3101000","06","01","~","~","20180530112655","0214","20180530192153","2733",1,0,0,3466
"/*m*p*N*i*u*C*y*O*f*I*1*b*z*Z*e*h*G*C*x*s*Y*","20180828160001","024","203",0,"~","111504771","111709065","3104000","01","01","~","~","20180828084308","2553","20180828213553","0219",1,0,0,1072
"s*E*j*9*0*6*1*N*d*f*/*1*3*I*Q*l*o*L*C*D*3*M*","20180510180850","040","120",0,"~","211000000","~","2000200","01","01","~","~","20180510194232","4127","20180510145324","9012718",1,0,0,12100
"z*I*9*z*j*g*h*T*D*K*E*1*2*e*F*K*A*y*I*B*O*I*","20170323173500","151","201",0,"41110005","111514670","~","2000800","01","01","~","~","20170323171221","2549","20170323153126","2723",1,0,0,13200
"d*c*x*2*Q*0*o*i*Q*V*9*8*H*a*V*Q*9*d*F*v*n*s*","~","048","201",0,"11110879","211000000","111741785","2000200","01","01","~","~","20170814221954","0009312","20170814085730","0070034",1,0,0,1200
"j*9*9*j*B*k*k*N*e*b*q*U*u*d*9*n*Q*P*6*V*R*g*","~","066","115",1,"~","111003200","111742804","3101915","01","01","~","~","20170918184035","0242","20170918195131","0009900",1,0,0,2378
"q*k*q*F*9*C*b*T*q*p*x*F*q*B*y*u*H*2*N*m*j*I*","~","139","120",0,"~","211000000","111711522","2000100","01","01","~","~","20201117091401","9008990","20201117072644","0013002",1,0,0,5000
"q*H*q*e*s*x*r*D*X*x*v*T*0*S*7*K*p*Z*1*N*G*U*","20200716130432","002","115",0,"11110158","211000000","111711520","3101916","01","01","~","~","20200716075704","4135","20200716164700","9002697",1,0,0,6000
"/*a*1*O*r*s*j*8*q*w*u*E*y*/*L*U*q*u*4*9*F*A*","20200129064146","005","203",0,"11110723","111004500","111744991","2001400","01","01","~","~","20200129102722","0244","20200129202334","~",1,0,0,9132
"/*7*y*j*a*S*W*t*K*k*A*l*+*w*6*8*C*Z*T*0*q*s*","20200427063459","026","115",1,"~","111000500","111746288","2000800","01","01","~","~","20200427175521","0220","20200427065858","0208",1,0,0,7800
"Q*l*2*1*W*N*j*G*0*h*b*l*W*1*i*d*7*C*P*f*p*4*","20181103202001","021","203",0,"~","211000000","111746206","2000800","01","01","~","~","20181103212307","2531","20181103201859","0014652",1,0,0,3700
"9*7*y*u*2*F*l*C*5*1*/*9*T*s*A*R*6*u*H*q*3*8*","20190410081351","056","201",0,"~","111514070","111708129","2000700","06","01","~","~","20190410103407","0410","20190410140037","9111829",1,0,0,12200
"5*y*v*w*V*0*u*l*V*+*P*1*C*A*b*g*e*M*g*7*J*g*","20170114203033","088","203",0,"~","211000000","111743830","2000800","01","01","~","~","20170114082455","4128","20170114190628","0011595",1,0,0,7000
"+*n*t*n*N*3*v*u*8*k*e*8*D*O*x*I*2*Z*0*u*g*s*","20210626063952","009","203",0,"~","211000000","111707818","2000100","01","01","~","~","20210626094714","2817","20210626123126","~",1,0,0,1700
"p*s*x*D*c*P*+*c*f*x*8*N*E*A*S*Z*/*h*e*B*x*Q*","~","082","115",0,"~","111002000","~","2001000","01","01","~","~","20171120074416","2549","20171120181310","8502219",1,0,0,2988
"6*c*/*E*O*g*p*V*Z*j*b*U*S*R*Z*H*9*L*x*7*2*E*","~","073","203",0,"~","211000000","111711830","2000800","01","01","~","~","20190723131832","2647","20190723184840","0234",1,0,0,4100
"6*+*m*8*U*m*Z*E*7*+*+*Y*A*9*U*r*c*b*a*T*u*g*","~","022","115",0,"11110031","111006001","~","2000800","06","01","~","~","20170202211115","0070688","20170202092735","0073010",1,0,0,1504
"G*J*z*J*l*c*A*e*V*U*v*T*a*q*L*q*a*2*T*B*7*g*","20181019103317","047","201",1,"~","211000000","~","3101000","01","01","~","~","20181019095424","9006482","20181019140910","9002791",1,0,0,21500
"d*C*X*M*L*P*h*e*i*M*V*8*i*o*M*h*i*E*l*n*9*8*","~","003","201",0,"~","111520141","~","2000800","01","06","02","~","20180830220904","0009008","20180830162237","0222",1,0,0,8400
"e*A*c*h*+*G*Y*W*w*3*a*4*u*t*1*1*p*1*J*E*V*M*","20180222171111","068","201",0,"11110213","212000000","111741198","2000100","01","01","~","~","20180222121421","9000067","20180222091742","9009905",1,0,0,445
"f*w*5*y*n*i*f*f*w*G*6*2*I*A*L*k*r*T*T*P*2*w*","~","004","105",0,"11110213","211000000","~","3101914","06","01","~","~","20180920113022","0338","20180920102350","2541",1,0,0,1730
"1*7*W*S*9*x*s*F*q*o*W*+*b*L*d*H*d*k*L*r*z*8*","~","058","203",1,"~","111517570","~","3101000","02","01","~","~","20200302082242","8002642","20200302190108","0216",1,0,0,6500
"o*r*h*W*1*J*9*S*g*M*V*Y*X*v*n*z*Y*4*f*H*Z*4*","~","002","120",0,"~","111515970","111748109","3101916","01","01","~","~","20211023070954","2637","20211023191801","9009157",1,0,0,1496
"B*d*D*C*v*W*1*R*0*R*+*x*8*+*U*j*e*J*E*c*/*g*","20201022181844","083","115",0,"11110975","111002400","111749394","2000100","01","01","~","~","20201022125209","9033591","20201022171006","0075051",1,0,0,1328
"9*d*H*3*a*d*e*1*T*Q*V*q*u*F*H*1*4*8*N*l*J*E*","~","002","115",0,"11110507","111002000","111711554","2000100","01","01","~","~","20191223083725","9002132","20191223144202","8002186",1,0,0,4485
"W*0*N*D*D*M*n*f*z*l*c*G*Q*9*L*1*E*7*Z*f*H*A*","20201115120659","109","203",0,"11110066","241200000","~","2000200","01","01","~","~","20201115074556","4129","20201115222405","2739",1,0,0,1800
"O*K*P*G*F*l*h*Y*i*r*6*i*N*9*1*7*V*s*S*T*G*8*","20200117180626","049","203",0,"~","211000000","~","2000100","01","01","~","~","20200117130519","0312","20200117205125","0072150",1,0,0,13600
"d*l*4*E*9*G*V*B*S*c*r*M*R*n*c*6*M*h*w*R*K*c*","~","020","115",1,"~","111502270","~","2000800","01","01","~","~","20210304180637","0243","20210304145417","8002612",1,0,0,4165
"R*C*X*U*7*g*o*l*m*r*X*5*4*b*J*h*+*N*r*V*C*A*","20170918072932","001","105",2,"41110072","211000000","111741739","3101000","01","01","~","~","20170918090823","0241","20170918170527","2549",1,0,0,5800
"m*d*j*7*8*2*G*O*B*D*P*V*O*z*4*+*R*9*J*D*Z*o*","~","068","105",1,"11110179","211000000","111706557","3101000","01","06","~","~","20210629170456","2527","20210629083236","0235",1,0,0,373
"x*q*9*n*v*p*m*k*z*B*m*Q*P*p*s*7*u*q*S*B*x*M*","~","093","105",1,"11110207","212000000","~","3101000","01","06","~","~","20210523215956","9007956","20210523173038","8001508",1,0,0,15000
"3*P*G*V*E*G*g*H*x*l*4*f*9*R*L*p*S*+*d*u*A*8*","~","028","120",1,"~","111001900","~","2000100","01","01","~","~","20190314142126","8000224","20190314093514","2727",1,0,0,1738
"Q*q*G*I*O*o*1*k*e*y*s*I*d*b*J*X*6*l*t*t*e*g*","~","005","120",1,"~","211000000","111742026","2000700","04","04","~","~","20180911125433","0011490","20180911174532","5050321",1,0,0,2486
"t*9*w*S*b*K*c*A*G*k*7*5*y*+*I*Q*l*2*i*D*g*U*","20170507175019","053","130",0,"11110022","111003200","~","2000600","01","01","~","~","20170507081154","9014361","20170507081154","0222",1,0,0,1176
"N*V*w*M*4*1*e*r*V*T*2*s*J*y*x*v*y*B*j*w*f*M*","20170422152240","019","201",0,"41110004","211000000","111742140","2000800","06","04","~","~","20170422104709","8002160","20170422062422","0008882",1,0,0,682
"9*T*4*S*z*Q*v*0*k*a*A*B*L*m*R*l*F*f*I*9*i*c*","20210621165240","046","115",0,"~","111002100","111743995","2000700","01","01","~","~","20210621182256","0220","20210621144314","0009761",1,0,0,8500
"5*J*/*t*k*Z*C*j*j*L*q*E*O*a*I*W*g*R*G*w*W*w*","~","053","205",0,"11110704","111005700","~","2000100","01","01","~","~","20200910080858","0008007","20200910170613","8001241",1,0,0,2700
"W*l*L*g*Q*t*W*3*J*w*B*X*/*s*K*M*a*4*/*C*d*o*","~","023","115",0,"11110061","111004500","111708020","3101001","01","06","~","~","20191107073155","0009300","20191107173551","0329",1,0,0,4500
"r*j*M*q*K*t*a*q*F*s*h*+*X*F*f*J*g*u*u*R*j*Q*","20210203075006","004","115",0,"11110450","111007000","111706681","2000800","01","01","~","~","20210203105926","2520","20210203092635","2811",1,0,0,1239
"5*j*Y*P*d*f*k*I*3*H*4*E*m*b*V*z*G*P*x*W*d*g*","20171114044300","099","115",0,"~","211000000","~","2000700","01","06","~","~","20171114085726","2743","20171114174555","7000059",1,0,0,2516
"3*W*2*f*J*8*g*o*x*f*4*0*g*u*T*y*I*n*Q*0*T*c*","20200524202843","079","120",0,"11110045","211000000","111747047","2000200","01","01","~","~","20200524061613","0010518","20200524091624","0009838",1,0,0,4400
"t*x*y*c*C*O*a*9*m*n*P*6*w*2*/*R*Z*n*E*Z*x*E*","20200904113711","041","201",0,"~","211000000","~","2000100","01","01","~","~","20200904195736","9036973","20200904104252","0070665",1,0,0,1005
"1*R*0*4*L*N*U*N*Q*e*w*7*8*c*N*N*f*C*M*y*p*0*","~","006","203",0,"~","211000000","111741582","2000700","01","01","~","~","20210216144505","2744","20210216111237","0153",1,0,0,8100
"v*i*s*h*D*M*s*Z*R*5*1*f*C*2*d*f*M*Z*B*L*+*I*","20200629132603","039","105",0,"~","111008800","~","2000700","01","01","~","~","20200629074049","0070792","20200629164430","0332",1,0,0,6900
"z*y*e*l*R*m*u*c*n*N*Z*6*l*s*C*+*3*C*c*F*b*4*","~","193","201",0,"~","111009040","111752636","3101000","02","01","~","~","20190203102936","2743","20190203102936","0429",1,0,0,5745
"b*q*4*D*m*P*g*v*Z*v*s*X*+*s*f*L*w*r*A*0*c*M*","20180718160549","002","201",0,"~","211000000","~","2000200","01","01","~","~","20180718193642","0418","20180718110815","2554",1,0,0,3600
"U*m*i*2*0*+*M*T*y*z*B*C*p*L*Y*8*C*D*k*Z*i*8*","20210918135923","044","105",3,"11110309","111503470","111755330","2000100","06","01","~","~","20210918084338","2553","20210918220614","0009769",1,0,0,2590
"6*r*f*8*2*j*O*2*b*0*W*D*Q*x*6*m*j*s*/*N*x*k*","20210911122416","054","205",0,"~","111006700","111746371","2000900","01","01","~","~","20210911162015","8001419","20210911170204","0070338",1,0,0,5988
"h*f*j*O*g*m*x*x*I*p*j*1*g*9*R*J*d*D*p*B*5*I*","~","005","201",0,"41110117","111500670","~","2000700","01","01","~","~","20171209140347","0008913","20171209190312","2733",1,0,0,2870
"s*t*b*D*a*D*z*W*F*K*L*Y*X*s*W*/*G*O*h*O*I*M*","20210520104331","001","120",0,"11110597","111005000","111749519","2000800","01","01","~","~","20210520204225","2722","20210520161129","0171276",1,0,0,846
"b*t*E*7*w*v*x*I*O*X*U*E*N*W*K*q*U*+*i*B*p*o*","20170513065143","037","120",1,"11110018","211000000","~","3101000","01","01","~","~","20170513094920","8001605","20170513103339","2563",1,0,0,1985
"r*M*o*N*c*n*G*c*S*7*P*E*y*r*r*7*9*t*5*m*N*0*","~","065","120",2,"~","111520046","111753601","2000700","01","01","~","~","20190831221107","0420","20190831163936","8002174",1,0,0,4200
"y*I*8*A*H*e*3*n*k*L*B*F*l*b*d*W*I*C*x*4*U*o*","20180126070237","090","115",0,"~","211000000","~","2001400","07","01","~","~","20180126080925","0010600","20180126200008","9032971",1,0,0,4900
"o*f*c*e*W*h*t*7*a*O*8*k*t*a*+*w*E*M*C*2*l*Y*","~","077","201",0,"~","211000000","~","3101001","01","01","~","~","20180504080117","8502117","20180504090017","9000134",1,0,0,5800
"G*c*c*t*W*s*w*E*y*5*Y*L*x*Q*9*T*6*2*c*T*e*M*","20170718053147","028","201",0,"~","111005103","111708917","2000800","01","01","~","~","20170718065508","0075139","20170718195144","0076058",1,0,0,13708
"/*X*x*2*4*b*q*g*g*J*k*M*x*z*V*q*I*b*W*R*A*M*","20190923200827","055","115",0,"~","211000000","111749699","3101915","01","01","~","~","20190923175105","8502226","20190923173048","0073812",1,0,0,3800
"Q*1*e*l*p*k*h*3*q*T*G*g*q*W*G*P*Z*2*8*j*M*Q*","20171210222858","032","120",0,"11110282","111002400","~","2000700","01","01","~","~","20171210135602","0228","20171210105400","2761",1,0,0,0
"w*5*G*y*T*A*Y*1*4*x*+*6*6*R*l*N*g*7*k*1*I*c*","20211021142914","058","115",0,"11110435","212500000","~","2000300","01","06","~","~","20211021200923","0074619","20211021170443","0010111",1,0,0,12700
"q*P*F*A*N*Y*k*d*c*L*H*g*B*D*X*2*x*a*S*i*g*c*","20190725082612","036","115",0,"11110660","211000000","~","3101000","01","01","~","~","20190725062831","9013034","20190725143723","9136730",1,0,0,2083
"Y*N*Y*r*A*w*b*B*9*X*b*f*e*W*u*9*c*z*I*D*h*k*","~","031","115",0,"11110671","211000000","111741234","2000600","06","01","~","~","20180712161904","2718","20180712180623","8002072",1,0,0,4522
"j*b*+*2*x*J*W*2*8*3*f*m*l*A*7*i*V*H*a*x*X*Q*","~","042","115",0,"~","111002600","~","3101001","01","01","~","~","20190224152907","2611","20190224143702","0011090",1,0,0,6100
"V*H*x*k*c*I*1*W*O*4*A*m*u*z*+*q*1*9*b*i*l*Q*","~","056","120",0,"~","111007400","111707283","2000800","01","01","~","~","20201024081643","8003139","20201024103756","0071325",1,0,0,6900
"/*C*6*/*g*C*m*f*a*J*2*U*z*4*r*m*U*8*i*W*u*w*","20190918162303","049","201",1,"11110208","212000000","111751484","3101000","01","01","~","~","20190918200649","0072539","20190918132744","0009052",1,0,0,17400
"N*x*m*g*v*f*g*n*j*7*k*i*t*2*X*u*i*A*6*L*f*I*","20210324060702","067","201",0,"11110998","211000000","~","2000100","08","01","~","~","20210324184702","0072894","20210324081450","2734",1,0,0,2000
"T*F*k*O*I*w*a*X*P*D*J*8*4*z*c*f*i*T*8*T*C*U*","~","044","203",0,"11110214","211000000","111755018","2000900","01","01","~","~","20200422150708","0072434","20200422104417","9034008",1,0,0,14200
"F*K*Q*T*2*O*D*l*z*h*3*Z*z*5*e*a*B*V*b*u*S*0*","20190401065031","085","120",1,"~","111009020","~","2000100","01","04","~","~","20190401220056","4138","20190401173444","9009781",1,0,0,0
"i*X*y*u*H*P*Y*R*C*I*b*q*C*M*H*M*b*g*y*o*5*I*","~","089","201",1,"~","111008500","111753654","3101001","01","01","~","~","20200930155932","9003556","20200930092124","9006075",1,0,0,5955
"S*7*4*K*Y*0*Z*P*2*b*L*1*5*h*U*L*V*n*N*f*V*0*","~","038","120",1,"11110321","211000000","111756111","2000100","01","01","~","~","20190205122845","0243","20190205085828","9010355",1,0,0,3200
"X*8*l*p*Q*Q*r*c*z*J*7*8*+*f*J*L*H*O*9*a*g*w*","~","088","120",1,"11110163","211000000","111741657","3101000","01","01","~","~","20210720130029","0014831","20210720232839","9036042",1,0,0,491
"P*R*5*1*z*l*J*b*J*M*X*p*y*Q*E*r*F*M*M*A*0*c*","~","040","115",0,"~","211000000","~","3101001","01","01","~","~","20171101084201","0170574","20171101132701","5050169",1,0,0,5200
"/*U*T*p*f*g*M*n*k*s*R*1*a*u*Y*f*c*9*2*8*w*4*","~","077","120",0,"~","111008200","111711249","3104012","01","01","~","~","20181119231310","8001240","20181119200811","0073679",1,0,0,3726
"N*M*F*R*N*t*g*f*N*W*A*D*W*w*6*o*y*U*I*7*B*k*","20211012105010","014","203",0,"~","111004301","~","2000600","01","01","~","~","20211012180129","2811","20211012184241","0072501",1,0,0,8467
"R*6*F*Q*j*T*f*D*+*4*J*q*r*2*0*U*g*+*S*l*E*0*","20210614160442","051","120",0,"11110028","211000000","111753171","2000200","01","01","~","~","20210614161058","0433","20210614094807","0231",1,0,0,425
"B*s*M*l*7*p*u*y*u*x*A*H*R*b*I*/*l*N*m*2*n*I*","~","020","203",0,"~","111000500","~","3104012","01","01","~","~","20180909181616","2619","20180909120243","0010503",1,0,0,10000
"I*k*j*l*r*1*e*X*7*G*t*k*M*5*u*m*Y*j*2*I*G*A*","20200813151307","196","115",0,"11110270","111009030","~","2000100","01","01","~","~","20200813075334","4103","20200813202621","9000005",1,0,0,3129
"r*d*W*v*n*k*B*u*j*b*y*X*7*v*2*I*M*w*f*S*N*w*","20190703052117","065","115",0,"11110990","211000000","111709207","3101000","04","04","~","~","20190703180021","0075871","20190703163358","0325",1,0,0,6300
"B*2*D*G*C*z*U*m*/*F*M*E*b*6*D*p*n*h*R*Z*e*Y*","20181109063819","015","120",0,"~","111007500","111742180","2000600","01","01","~","~","20181109083847","0012139","20181109100603","0010072",1,0,0,3000
"k*w*E*Q*K*R*r*O*1*q*A*k*S*/*I*I*f*i*1*k*O*4*","20201212064351","028","105",0,"41110060","211000000","111741778","2000600","01","01","~","~","20201212162729","9012094","20201212214019","9000127",1,0,0,4709
"n*7*6*k*d*Q*l*t*4*d*W*i*c*t*0*j*Z*A*J*W*n*A*","20180624052249","095","120",0,"~","111004500","111743474","3101000","01","06","~","~","20180624203020","0009667","20180624172925","4115",1,0,0,8500
"1*I*2*k*j*5*D*D*R*B*m*N*i*h*b*p*b*i*F*N*d*w*","20190917193231","051","120",0,"41110067","111008200","~","3104201","01","08","~","~","20190917113028","8002864","20190917170537","0075465",1,0,0,6300
"i*t*i*R*0*Q*s*K*i*6*W*b*y*X*v*t*k*Q*X*v*I*U*","20180917133111","036","120",0,"~","211000000","~","3101000","01","01","~","~","20180917145450","0203","20180917070817","7000122",1,0,0,220
"T*C*F*n*8*S*5*g*i*O*3*o*T*L*H*P*w*P*m*j*G*Y*","20190412105811","087","115",0,"11110881","211000000","111744604","2000600","01","01","~","~","20190412080128","0009377","20190412104408","0236",1,0,0,18000
"p*9*O*c*1*Y*J*a*L*h*m*Q*M*y*e*p*i*u*u*U*W*I*","~","081","201",0,"~","211000000","111747848","3101000","01","01","~","~","20190105140222","9008920","20190105194130","0226",1,0,0,445
"s*e*U*v*4*1*Z*5*I*/*y*o*5*1*9*F*G*T*U*b*S*4*","20190328180204","024","120",0,"11110358","211000000","111742325","3101000","01","06","~","~","20190328180939","0011058","20190328122007","0077264",1,0,0,3974
"8*c*m*/*S*1*B*2*a*0*v*2*m*n*e*x*r*a*4*v*f*g*","20170625123408","058","201",0,"11110802","212000000","111741823","3101000","06","01","~","~","20170625173153","9003440","20170625112419","0007937",1,0,0,15100
"t*B*e*f*B*y*Q*U*m*J*t*C*n*K*p*e*M*A*8*J*c*M*","20170809123415","027","105",1,"11110393","111001200","111741572","3101916","01","01","~","~","20170809204808","9004275","20170809155443","0425",1,0,0,14400
"/*q*D*g*K*v*/*+*Y*x*I*E*a*K*Z*6*w*P*4*R*K*c*","~","003","203",1,"11110049","111511771","111706467","2000100","01","01","~","~","20170817183449","0008120","20170817173122","0014571",1,0,0,1807
"E*G*/*X*+*V*m*0*W*O*P*K*S*A*U*a*F*J*n*O*z*Y*","20200327160200","056","201",0,"~","111005400","~","2000100","01","01","~","~","20200327083602","2627","20200327154104","2623",1,0,0,1100
"8*X*u*a*3*h*6*E*H*d*o*d*R*s*0*C*T*5*E*r*y*8*","20170525195140","190","105",0,"41110041","211000000","~","2000900","01","01","~","~","20170525215546","0425","20170525130657","0011398",1,0,0,5468
"Y*C*c*J*2*t*C*l*I*l*9*o*c*e*v*4*d*m*f*C*1*4*","20210820081303","081","121",1,"11110350","111001100","111755374","2000900","06","01","~","~","20210820080323","9002119","20210820082344","9006332",1,0,0,17600
"y*f*U*W*L*n*5*L*X*6*O*M*X*N*6*x*n*b*a*z*K*4*","20210413160059","028","120",1,"~","111008800","111758809","2000100","01","01","~","~","20210413132553","8502264","20210413153456","2727",1,0,0,15900
"0*g*g*2*C*2*U*L*+*P*S*i*O*R*A*h*u*A*5*a*Y*c*","~","031","203",0,"11110872","111520141","~","2000100","01","01","~","~","20180715161703","0077187","20180715072947","9001343",1,0,0,0
"4*w*t*n*t*u*K*7*j*w*1*7*U*9*z*S*0*8*4*0*s*w*","~","067","115",0,"11110435","111007800","~","3101001","01","01","~","~","20200625122119","0075514","20200625072815","0010740",1,0,0,1237
"d*Y*l*a*n*i*N*Y*d*Q*w*4*6*R*Z*M*H*R*M*v*L*E*","~","018","201",1,"~","111002000","~","2000100","01","06","~","~","20180311090020","0311","20180311144921","9034566",1,0,0,1990
"v*7*z*W*W*0*Z*l*5*d*V*M*T*p*t*2*8*u*Z*n*0*4*","20180208071736","184","115",1,"11410004","211000000","111743132","3101000","01","01","~","~","20180208124430","0007892","20180208190512","9014557",1,0,0,5653
"y*h*p*x*9*E*B*w*a*U*Q*q*m*a*r*M*k*e*b*v*i*k*","20190223171558","089","115",0,"~","111002000","~","2000800","01","01","~","~","20190223122142","9001097","20190223154253","9000005",1,0,0,16300
"3*c*U*f*S*w*r*7*t*Q*b*N*F*b*a*Q*w*8*o*J*L*8*","20210325161647","043","105",1,"11110032","211000000","111746868","3101915","02","01","~","~","20210325173146","0007646","20210325194640","0075022",1,0,0,1012
"3*y*i*p*Q*k*J*W*M*D*g*/*R*D*M*B*a*Z*e*h*C*c*","20200923074532","048","105",1,"11110256","111004000","~","3101915","01","01","~","~","20200923120556","9614006","20200923055450","0312",1,0,0,1814
"V*r*E*L*E*N*/*A*/*N*b*f*/*3*n*6*q*N*m*N*N*A*","~","074","105",0,"~","111001200","111711598","2000600","01","01","~","~","20191129073133","8501698","20191129204506","0073126",1,0,0,263
"m*8*/*9*E*L*0*b*u*i*o*Z*e*L*V*O*r*n*n*j*+*o*","20200604112104","019","105",0,"11110045","111006100","~","2000700","08","01","~","~","20200604113456","0409","20200604114405","4115",1,0,0,12100
"u*J*+*o*x*G*6*7*t*c*u*F*C*Z*g*k*K*x*l*F*9*0*","20211025095539","025","203",0,"41110011","111004700","~","2000100","01","01","~","~","20211025103513","0317","20211025230913","7000132",1,0,0,3893
"u*h*G*u*q*Z*q*9*k*x*E*A*i*k*q*2*M*7*Z*W*W*I*","20190502114522","019","105",0,"~","111002400","~","3101000","01","01","~","~","20190502113239","0224","20190502080142","0073875",1,0,0,5000
"v*N*a*t*I*a*T*Z*e*F*M*J*u*Z*S*J*h*f*Q*L*5*c*","20190309211350","037","120",0,"~","211000000","~","3101000","01","01","~","~","20190309071610","0007197","20190309135746","0412",1,0,0,5177
"c*n*P*k*U*r*U*B*y*z*f*U*d*j*G*N*u*3*B*g*n*w*","20190913132658","020","120",0,"11110137","111004100","~","2001000","02","01","~","~","20190913083738","9008073","20190913073335","~",1,0,0,1453
"W*V*3*s*k*8*G*U*f*J*x*8*G*L*8*s*g*V*Q*R*t*k*","~","082","203",0,"11110538","111007100","111744226","2000100","01","04","~","~","20181123094031","0150","20181123101000","9008692",1,0,0,3439
"S*D*0*h*I*k*7*F*2*d*B*I*O*J*4*L*3*2*X*0*E*w*","~","004","203",1,"~","111007800","111745087","2000800","01","01","~","~","20180128164328","0007533","20180128125859","0414",1,0,0,2085
"g*Y*E*J*e*0*L*5*Q*8*E*6*9*W*i*D*h*a*Q*e*E*8*","20170423072402","063","120",0,"~","211000000","111749384","3101000","01","04","~","~","20170423185939","2752","20170423172405","9009217",1,0,0,12500
"q*S*O*+*Q*w*M*g*J*k*+*5*2*D*z*J*F*r*K*S*s*o*","20201111052129","061","203",0,"11110027","211000000","111749107","2000100","01","01","~","~","20201111065758","9007213","20201111041646","0007891",1,0,0,926
"n*x*6*x*Y*R*2*Y*K*t*c*G*Y*o*c*T*c*E*p*b*O*Q*","~","172","203",1,"11110912","111009020","~","3101001","01","01","~","~","20210327143306","2623","20210327164509","9009736",1,0,0,12300
"c*Z*6*c*R*d*8*/*m*F*e*7*u*M*g*L*t*o*H*b*l*8*","~","049","120",0,"~","111007100","~","3104012","01","06","~","~","20170716093327","0070656","20170716155107","0013694",1,0,0,743
"c*2*p*H*W*a*P*O*a*z*z*C*D*X*b*V*9*K*L*d*X*0*","20201207170047","018","203",0,"11110339","212500000","~","2000100","06","01","~","~","20201207071952","0221","20201207133810","0234",1,0,0,2900
"F*O*s*7*K*6*E*X*j*E*u*K*v*K*A*N*D*6*N*/*K*A*","~","011","115",0,"11110617","111500121","111743893","3101000","01","01","~","~","20190519173143","2528","20190519095704","0009687",1,0,0,5002
"/*E*l*P*z*9*i*l*o*R*h*b*b*i*U*L*l*N*R*Q*H*Y*","~","033","203",1,"11110062","211000000","111741213","2001400","01","01","~","~","20210131182117","0202","20210131164724","0409",1,0,0,11932
"P*x*X*g*Q*I*w*C*x*C*H*O*6*X*N*y*G*A*u*j*k*Y*","20191219101557","076","201",1,"41110051","211000000","~","3101915","01","01","~","~","20191219140553","2756","20191219104350","0332",1,0,0,11400
"u*F*s*W*R*i*C*H*D*G*u*I*x*p*D*N*g*M*c*/*F*g*","20190716214114","056","120",0,"~","211000000","111747287","2000700","01","01","~","~","20190716123008","0329","20190716090804","0011606",1,0,0,1703
"F*9*6*t*R*Y*B*C*G*F*E*g*w*c*C*0*f*Q*L*a*1*A*","~","028","115",0,"41110070","211000000","111744529","3101000","01","01","~","~","20170419140737","0331","20170419153957","9010465",1,0,0,1958
"H*O*n*I*X*Z*f*D*2*O*C*h*8*3*a*f*D*y*d*/*i*o*","20200229050523","030","120",0,"~","211000000","~","2000800","04","01","~","~","20200229100009","2726","20200229135833","0234",1,0,0,1921
"v*6*u*E*V*6*G*W*6*i*J*x*R*s*U*J*l*q*W*l*a*E*","20191127052542","072","120",0,"41110005","111512370","111751490","2000700","01","01","~","~","20191127134002","0236","20191127192920","8502327",1,0,0,11200
"D*a*+*6*B*q*r*3*b*w*f*W*6*0*b*e*c*1*X*A*e*k*","20180130060709","039","120",0,"11110445","211000000","~","2000800","01","01","~","~","20180130085745","9009032","20180130071749","0220",1,0,0,17200
"p*a*x*R*9*J*6*/*3*i*1*8*B*S*p*1*B*u*O*z*I*s*","20170303164115","011","120",0,"11110059","211000000","~","2000700","04","01","~","~","20170303073655","0013945","20170303123304","0414",1,0,0,5808
"7*Z*m*F*S*D*5*Z*I*1*4*W*n*u*e*X*J*f*G*9*k*Y*","20170221075340","039","115",0,"~","111514070","111753098","3101000","01","01","~","~","20170221085111","0072972","20170221181634","8501765",1,0,0,2988
"b*V*j*V*v*N*W*V*d*N*7*K*A*c*7*3*G*f*h*8*I*M*","~","002","203",0,"11110063","111006700","111753209","3101000","01","01","~","~","20170323083306","9000266","20170323170111","0324",1,0,0,0
"P*i*f*r*L*f*Y*X*+*g*1*7*6*w*k*r*L*s*e*U*I*k*","20210707065459","044","120",0,"~","111002000","~","2000100","01","01","~","~","20210707074910","9000100","20210707175456","2820",1,0,0,1415
"N*U*s*O*g*y*Y*k*b*x*f*C*a*/*o*v*w*F*k*d*q*g*","~","049","203",0,"~","211000000","111743500","2001400","01","01","~","~","20170722131822","2552","20170722185904","0008463",1,0,0,1323
"y*E*X*y*G*n*Y*D*i*h*T*l*5*n*m*T*p*1*x*I*c*A*","~","028","201",0,"11110418","211000000","111748157","3101915","01","01","~","~","20210220220333","8501293","20210220144240","8501147",1,0,0,17600
"y*Q*B*x*R*q*H*Y*s*9*7*C*w*F*m*N*T*3*1*w*C*w*","20211017123739","074","203",0,"11110693","211000000","111707747","2000200","01","01","~","~","20211017170505","0011209","20211017183145","0070706",1,0,0,9988
"Q*n*B*N*R*C*u*5*R*7*k*t*K*p*X*s*L*J*6*E*o*E*","20180215122944","078","115",0,"11110038","111520141","~","2000200","01","01","~","~","20180215042232","0312","20180215084933","2714",1,0,0,19500
"x*T*R*f*c*g*p*d*0*l*4*X*G*1*A*j*4*a*4*z*M*A*","20190524122445","014","205",0,"~","211000000","111744226","3101000","01","01","~","~","20190524135415","9034309","20190524122135","4125",1,0,0,29600
"h*2*Z*B*I*D*l*N*e*R*C*Q*9*3*e*5*x*T*O*V*q*k*","20200122154024","125","115",0,"11110060","111006100","111708110","2001400","01","01","~","~","20200122173931","0318","20200122083117","0009697",1,0,0,1669
"S*S*o*q*V*r*c*t*r*Z*o*e*3*I*I*v*i*H*V*k*U*Y*","~","022","205",0,"11110095","211000000","~","2000700","01","01","~","~","20191002212356","9014260","20191002181158","2516",1,0,0,4400
"0*c*l*7*S*3*w*r*H*Q*q*A*R*L*d*N*3*L*X*K*h*c*","~","072","105",0,"~","111510770","~","2000900","01","02","~","~","20210108183853","0201","20210108215512","9006075",1,0,0,5000
"D*J*0*3*2*M*q*d*k*7*9*U*f*b*P*b*G*u*u*0*Z*M*","20190619174423","052","115",0,"~","211000000","111745331","3104000","01","01","~","~","20190619105640","8501276","20190619165004","9014260",1,0,0,3818
"W*P*x*C*5*Z*h*R*F*h*i*q*1*g*B*3*a*z*h*6*8*c*","20180503202351","138","201",1,"41110213","111009020","111753194","2000700","01","01","~","~","20180503114507","0072627","20180503114507","2813",1,0,0,0
"T*L*7*h*T*1*j*5*q*G*I*/*j*7*n*2*k*D*3*s*j*g*","20200420191949","007","121",0,"11110202","111001001","~","2000800","01","01","~","~","20200420130554","0072012","20200420164805","0203",1,0,0,2600
"l*A*Q*v*O*O*+*j*I*E*1*/*z*R*5*5*r*C*3*S*0*4*","20180804062708","114","105",1,"11110178","111009030","111744199","2000600","01","01","~","~","20180804124305","8501200","20180804181140","0233",1,0,0,18000
"L*u*U*w*V*b*c*W*+*Q*U*8*G*M*8*x*w*3*A*u*E*w*","20170406054354","079","201",2,"11110063","211000000","~","2000700","01","01","~","~","20170406214005","0433","20170406152453","0230",1,0,0,2900
"I*m*R*C*P*4*P*j*K*2*l*J*/*M*K*+*4*i*0*I*x*U*","20200423101517","093","120",1,"~","211000000","111751323","3101000","01","06","~","~","20200423073710","0430","20200423091030","8002186",1,0,0,1156
"M*F*G*X*c*f*W*L*d*z*B*5*Z*R*+*V*v*g*i*N*o*Q*","~","012","201",0,"41110044","211000000","~","2000700","02","06","~","~","20210814083006","0409","20210814181128","0075126",1,0,0,12100
"B*8*2*y*4*1*T*6*J*b*7*/*P*1*r*m*K*4*C*A*Z*k*","20180824134928","190","201",0,"~","111004100","~","3101916","01","01","~","~","20180824135901","0010708","20180824063345","2546",1,0,0,4472
"C*G*I*8*M*L*K*t*u*W*O*x*/*X*K*m*1*J*n*R*4*0*","~","075","203",1,"11110268","111500220","~","2000800","01","01","~","~","20190208152232","8001015","20190208150145","8501440",1,0,0,3395
"7*V*v*S*m*v*8*Y*B*M*F*8*/*4*7*V*D*X*s*2*e*8*","20191019141135","069","201",0,"11110555","111006100","~","2000700","06","01","~","~","20191019060828","4112","20191019171920","2727",1,0,0,2000
"6*Y*i*9*f*4*k*v*3*W*c*2*A*f*G*1*4*I*0*W*c*A*","~","015","120",0,"~","111008800","111741823","2000800","01","01","~","~","20170815142944","2557","20170815132410","0075736",1,0,0,12739
"P*Z*L*t*x*g*X*E*m*j*Z*m*8*Q*2*G*Z*/*8*s*m*0*","~","003","201",0,"~","211000000","~","2001400","01","04","~","~","20180723072833","0009873","20180723184235","0221",1,0,0,6300
